frame_index,tracker_id,vehicle_type,class_id,x,y,distance,time_s,speed_kmh,speed_ms,traffic_light_status,yellow_light,distance_to_stop_line,distance_to_front_vehicle,traffic_density,ttc,yellow_light_decision
34449,1,car,2,4,28,0,0.0,39.63,11.008,YELLOW,True,28.0,,1,,GO
34450,1,car,2,4,28,0,0.05,39.63,11.008,YELLOW,True,28.0,,1,,GO
34451,1,car,2,4,28,0,0.101,39.63,11.008,YELLOW,True,28.0,,1,,GO
34452,1,car,2,4,28,0,0.172,39.63,11.008,YELLOW,True,28.0,,1,,GO
34453,1,car,2,4,28,0,0.222,39.63,11.008,YELLOW,True,28.0,,1,,GO
34454,1,car,2,4,28,0,0.272,39.63,11.008,YELLOW,True,28.0,,1,,GO
34455,1,car,2,4,28,0,0.321,39.63,11.008,YELLOW,True,28.0,,1,,GO
34456,1,car,2,4,28,0,0.372,39.63,11.008,YELLOW,True,28.0,,1,,GO
34457,1,car,2,4,28,0,0.422,39.63,11.008,YELLOW,True,28.0,,1,,GO
34458,1,car,2,4,28,0,0.471,39.63,11.008,YELLOW,True,28.0,,1,,GO
34459,1,car,2,4,28,0,0.524,39.63,11.008,YELLOW,True,28.0,,1,,GO
34460,1,car,2,4,28,0,0.574,39.63,11.008,YELLOW,True,28.0,,1,,GO
34461,1,car,2,4,28,0,0.623,39.63,11.008,YELLOW,True,28.0,,1,,GO
34462,1,car,2,4,28,0,0.673,39.63,11.008,YELLOW,True,28.0,,1,,GO
34463,1,car,2,4,28,0,0.723,39.63,11.008,YELLOW,True,28.0,,1,,GO
34464,1,car,2,4,28,0,0.772,39.63,11.008,YELLOW,True,28.0,,1,,GO
34465,1,car,2,4,28,0,0.823,39.63,11.008,YELLOW,True,28.0,,1,,GO
34466,1,car,2,4,28,0,0.873,39.63,11.008,YELLOW,True,28.0,,1,,GO
34467,1,car,2,4,28,0,0.922,39.63,11.008,YELLOW,True,28.0,,1,,GO
34468,1,car,2,4,28,0,0.972,39.63,11.008,YELLOW,True,28.0,,1,,GO
34469,1,car,2,4,28,0,1.023,38.93,10.815,YELLOW,True,28.0,,1,,GO
34470,1,car,2,4,28,0,1.072,38.93,10.815,YELLOW,True,28.0,,1,,GO
34471,1,car,2,4,28,0,1.122,38.93,10.815,YELLOW,True,28.0,,1,,GO
34472,1,car,2,4,28,0,1.173,38.93,10.815,YELLOW,True,28.0,,1,,GO
34473,1,car,2,4,28,0,1.222,38.93,10.815,YELLOW,True,28.0,,1,,GO
34474,1,car,2,4,28,0,1.272,38.93,10.815,YELLOW,True,28.0,,1,,GO
34475,1,car,2,4,28,0,1.322,38.93,10.815,YELLOW,True,28.0,,1,,GO
34476,1,car,2,4,28,0,1.371,38.93,10.815,YELLOW,True,28.0,,1,,GO
34477,1,car,2,4,28,0,1.421,38.93,10.815,YELLOW,True,28.0,,1,,GO
34478,1,car,2,4,28,0,1.471,38.93,10.815,YELLOW,True,28.0,,1,,GO
34479,1,car,2,4,28,0,1.52,38.93,10.815,YELLOW,True,28.0,,1,,GO
34480,1,car,2,4,28,0,1.57,38.93,10.815,YELLOW,True,28.0,,1,,GO
34481,1,car,2,4,28,0,1.623,38.93,10.815,YELLOW,True,28.0,,1,,GO
34482,1,car,2,4,28,0,1.672,38.93,10.815,YELLOW,True,28.0,,1,,GO
34483,1,car,2,4,28,0,1.722,38.93,10.815,YELLOW,True,28.0,,1,,GO
34484,1,car,2,4,28,0,1.772,38.93,10.815,YELLOW,True,28.0,,1,,GO
34485,1,car,2,4,28,0,1.822,38.93,10.815,YELLOW,True,28.0,,1,,GO
34486,1,car,2,4,28,0,1.872,38.93,10.815,YELLOW,True,28.0,,1,,GO
34487,1,car,2,4,28,0,1.922,38.93,10.815,YELLOW,True,28.0,,1,,GO
34488,1,car,2,4,28,0,1.971,38.93,10.815,YELLOW,True,28.0,,1,,GO
34489,1,car,2,4,28,0,2.021,38.82,10.782,YELLOW,True,28.0,,1,,GO
34490,1,car,2,4,28,0,2.071,38.82,10.782,YELLOW,True,28.0,,1,,GO
34491,1,car,2,4,28,0,2.12,38.82,10.782,YELLOW,True,28.0,,1,,GO
34492,1,car,2,4,28,0,2.17,38.82,10.782,YELLOW,True,28.0,,1,,GO
34493,1,car,2,4,28,0,2.242,38.82,10.782,YELLOW,True,28.0,,1,,GO
34494,1,car,2,4,28,0,2.292,38.82,10.782,YELLOW,True,28.0,,1,,GO
34495,1,car,2,4,28,0,2.342,38.82,10.782,YELLOW,True,28.0,,1,,GO
34496,1,car,2,4,28,0,2.392,38.82,10.782,YELLOW,True,28.0,,1,,GO
34497,1,car,2,4,28,0,2.44,38.82,10.782,YELLOW,True,28.0,,1,,GO
34498,1,car,2,4,28,0,2.49,38.82,10.782,YELLOW,True,28.0,,1,,GO
34499,1,car,2,4,28,0,2.539,38.82,10.782,YELLOW,True,28.0,,1,,GO
34500,1,car,2,4,28,0,2.605,38.82,10.782,YELLOW,True,28.0,,1,,GO
34501,1,car,2,4,28,0,2.655,38.82,10.782,YELLOW,True,28.0,,1,,GO
34502,1,car,2,4,28,0,2.705,38.82,10.782,YELLOW,True,28.0,,1,,GO
34503,1,car,2,4,28,0,2.755,38.82,10.782,YELLOW,True,28.0,,1,,GO
34504,1,car,2,4,28,0,2.805,38.82,10.782,YELLOW,True,28.0,,1,,GO
34505,1,car,2,4,28,0,2.854,38.82,10.782,YELLOW,True,28.0,,1,,GO
34506,1,car,2,4,28,0,2.904,38.82,10.782,YELLOW,True,28.0,,1,,GO
34507,1,car,2,4,28,0,2.955,38.82,10.782,YELLOW,True,28.0,,1,,GO
34508,1,car,2,4,28,0,3.004,40.09,11.135,YELLOW,True,28.0,,1,,GO
34509,1,car,2,4,28,0,3.055,40.09,11.135,YELLOW,True,28.0,,1,,GO
34510,1,car,2,4,28,0,3.106,40.09,11.135,YELLOW,True,28.0,,1,,GO
34511,1,car,2,4,28,0,3.155,40.09,11.135,YELLOW,True,28.0,,1,,GO
34512,1,car,2,4,28,0,3.205,40.09,11.135,YELLOW,True,28.0,,1,,GO
34513,1,car,2,4,28,0,3.256,40.09,11.135,YELLOW,True,28.0,,1,,GO
34514,1,car,2,4,28,0,3.305,40.09,11.135,YELLOW,True,28.0,,1,,GO
34515,1,car,2,4,28,0,3.356,40.09,11.135,YELLOW,True,28.0,,1,,GO
34516,1,car,2,4,28,0,3.406,40.09,11.135,YELLOW,True,28.0,,1,,GO
34517,1,car,2,4,28,0,3.461,40.09,11.135,YELLOW,True,28.0,,1,,GO
34518,1,car,2,4,28,0,3.511,40.09,11.135,YELLOW,True,28.0,,1,,GO
34519,1,car,2,4,28,0,3.561,40.09,11.135,YELLOW,True,28.0,,1,,GO
34520,1,car,2,4,28,0,3.61,40.09,11.135,YELLOW,True,28.0,,1,,GO
34521,1,car,2,4,28,0,3.66,40.09,11.135,YELLOW,True,28.0,,1,,GO
34522,1,car,2,4,28,0,3.71,40.09,11.135,YELLOW,True,28.0,,1,,GO
34523,1,car,2,4,28,0,3.759,40.09,11.135,YELLOW,True,28.0,,1,,GO
34524,1,car,2,4,28,0,3.809,40.09,11.135,YELLOW,True,28.0,,1,,GO
34525,1,car,2,4,28,0,3.86,40.09,11.135,YELLOW,True,28.0,,1,,GO
34526,1,car,2,4,28,0,3.908,40.09,11.135,YELLOW,True,28.0,,1,,GO
34527,1,car,2,4,28,0,3.958,40.09,11.135,YELLOW,True,28.0,,1,,GO
34528,1,car,2,4,28,0,4.008,39.35,10.93,YELLOW,True,28.0,,1,,GO
34529,1,car,2,4,28,0,4.057,39.35,10.93,YELLOW,True,28.0,,1,,GO
34530,1,car,2,4,28,0,4.108,39.35,10.93,YELLOW,True,28.0,,1,,GO
34531,1,car,2,4,28,0,4.163,39.35,10.93,YELLOW,True,28.0,,1,,GO
34532,1,car,2,4,28,0,4.212,39.35,10.93,YELLOW,True,28.0,,1,,GO
34533,1,car,2,4,28,0,4.285,39.35,10.93,YELLOW,True,28.0,,1,,GO
34534,1,car,2,4,28,0,4.335,39.35,10.93,YELLOW,True,28.0,,1,,GO
34535,1,car,2,4,28,0,4.385,39.35,10.93,YELLOW,True,28.0,,1,,GO
34536,1,car,2,4,28,0,4.435,39.35,10.93,YELLOW,True,28.0,,1,,GO
34537,1,car,2,4,28,0,4.485,39.35,10.93,YELLOW,True,28.0,,1,,GO
34538,1,car,2,4,28,0,4.559,39.35,10.93,YELLOW,True,28.0,,1,,GO
34539,1,car,2,4,28,0,4.609,39.35,10.93,YELLOW,True,28.0,,1,,GO
34540,1,car,2,4,28,0,4.659,39.35,10.93,YELLOW,True,28.0,,1,,GO
34541,1,car,2,4,28,0,4.707,39.35,10.93,YELLOW,True,28.0,,1,,GO
34542,1,car,2,4,28,0,4.757,39.35,10.93,YELLOW,True,28.0,,1,,GO
34543,1,car,2,4,28,0,4.807,39.35,10.93,YELLOW,True,28.0,,1,,GO
34544,1,car,2,4,28,0,4.857,39.35,10.93,YELLOW,True,28.0,,1,,GO
34545,1,car,2,4,28,0,4.907,39.35,10.93,YELLOW,True,28.0,,1,,GO
34546,1,car,2,4,28,0,4.957,39.35,10.93,YELLOW,True,28.0,,1,,GO
34547,1,car,2,4,28,0,5.005,39.61,11.002,YELLOW,True,28.0,,1,,GO
34548,1,car,2,4,28,0,5.055,39.61,11.002,YELLOW,True,28.0,,1,,GO
34549,1,car,2,4,28,0,5.105,39.61,11.002,YELLOW,True,28.0,,1,,GO
34550,1,car,2,4,28,0,5.154,39.61,11.002,YELLOW,True,28.0,,1,,GO
34551,1,car,2,4,28,0,5.204,39.61,11.002,YELLOW,True,28.0,,1,,GO
34552,1,car,2,4,28,0,5.256,39.61,11.002,YELLOW,True,28.0,,1,,GO
34553,1,car,2,4,28,0,5.306,39.61,11.002,YELLOW,True,28.0,,1,,GO
34554,1,car,2,4,28,0,5.356,39.61,11.002,YELLOW,True,28.0,,1,,GO
34555,1,car,2,4,28,0,5.404,39.61,11.002,YELLOW,True,28.0,,1,,GO
34556,1,car,2,4,28,0,5.455,39.61,11.002,YELLOW,True,28.0,,1,,GO
34557,1,car,2,4,28,0,5.505,39.61,11.002,YELLOW,True,28.0,,1,,GO
34558,1,car,2,4,28,0,5.554,39.61,11.002,YELLOW,True,28.0,,1,,GO
34559,1,car,2,4,28,0,5.615,39.61,11.002,YELLOW,True,28.0,,1,,GO
34560,1,car,2,4,28,0,5.665,39.61,11.002,YELLOW,True,28.0,,1,,GO
34561,1,car,2,4,28,0,5.714,39.61,11.002,YELLOW,True,28.0,,1,,GO
34562,1,car,2,4,28,0,5.764,39.61,11.002,YELLOW,True,28.0,,1,,GO
34563,1,car,2,4,28,0,5.814,39.61,11.002,YELLOW,True,28.0,,1,,GO
34564,1,car,2,4,28,0,5.862,39.61,11.002,YELLOW,True,28.0,,1,,GO
34565,1,car,2,4,28,0,5.912,39.61,11.002,YELLOW,True,28.0,,1,,GO
34566,1,car,2,4,28,0,5.962,39.61,11.002,YELLOW,True,28.0,,1,,GO
34567,1,car,2,4,28,0,6.013,40.02,11.116,YELLOW,True,28.0,,1,,GO
34568,1,car,2,4,28,0,6.063,40.02,11.116,YELLOW,True,28.0,,1,,GO
34569,1,car,2,4,28,0,6.113,40.02,11.116,YELLOW,True,28.0,,1,,GO
34570,1,car,2,4,28,0,6.162,40.02,11.116,YELLOW,True,28.0,,1,,GO
34571,1,car,2,4,28,0,6.212,40.02,11.116,YELLOW,True,28.0,,1,,GO
34572,1,car,2,4,28,0,6.262,40.02,11.116,YELLOW,True,28.0,,1,,GO
34573,1,car,2,4,28,0,6.333,40.02,11.116,YELLOW,True,28.0,,1,,GO
34574,1,car,2,4,28,0,6.383,40.02,11.116,YELLOW,True,28.0,,1,,GO
34575,1,car,2,4,28,0,6.433,40.02,11.116,YELLOW,True,28.0,,1,,GO
34576,1,car,2,4,28,0,6.481,40.02,11.116,YELLOW,True,28.0,,1,,GO
34577,1,car,2,4,28,0,6.533,40.02,11.116,YELLOW,True,28.0,,1,,GO
34578,1,car,2,4,28,0,6.586,40.02,11.116,YELLOW,True,28.0,,1,,GO
34579,1,car,2,4,28,0,6.634,40.02,11.116,YELLOW,True,28.0,,1,,GO
34580,1,car,2,4,28,0,6.684,40.02,11.116,YELLOW,True,28.0,,1,,GO
34581,1,car,2,4,28,0,6.734,40.02,11.116,YELLOW,True,28.0,,1,,GO
34582,1,car,2,4,28,0,6.782,40.02,11.116,YELLOW,True,28.0,,1,,GO
34583,1,car,2,4,28,0,6.832,40.02,11.116,YELLOW,True,28.0,,1,,GO
34584,1,car,2,4,28,0,6.882,40.02,11.116,YELLOW,True,28.0,,1,,GO
34585,1,car,2,4,28,0,6.933,40.02,11.116,YELLOW,True,28.0,,1,,GO
34586,1,car,2,4,28,0,6.983,40.02,11.116,YELLOW,True,28.0,,1,,GO
34587,1,car,2,4,28,0,7.033,41.14,11.428,YELLOW,True,28.0,,1,,GO
34588,1,car,2,4,28,0,7.082,41.14,11.428,YELLOW,True,28.0,,1,,GO
34589,1,car,2,4,28,0,7.133,41.14,11.428,YELLOW,True,28.0,,1,,GO
34590,1,car,2,4,28,0,7.183,41.14,11.428,YELLOW,True,28.0,,1,,GO
34591,1,car,2,4,28,0,7.232,41.14,11.428,YELLOW,True,28.0,,1,,GO
34592,1,car,2,4,28,0,7.282,41.14,11.428,YELLOW,True,28.0,,1,,GO
34593,1,car,2,4,28,0,7.332,41.14,11.428,YELLOW,True,28.0,,1,,GO
34594,1,car,2,4,28,0,7.381,41.14,11.428,YELLOW,True,28.0,,1,,GO
34595,1,car,2,4,28,0,7.431,41.14,11.428,YELLOW,True,28.0,,1,,GO
34596,1,car,2,4,28,0,7.509,41.14,11.428,YELLOW,True,28.0,,1,,GO
34597,1,car,2,4,28,0,7.559,41.14,11.428,YELLOW,True,28.0,,1,,GO
34598,1,car,2,4,28,0,7.609,41.14,11.428,YELLOW,True,28.0,,1,,GO
34599,1,car,2,4,28,0,7.658,41.14,11.428,YELLOW,True,28.0,,1,,GO
34600,1,car,2,4,28,0,7.708,41.14,11.428,YELLOW,True,28.0,,1,,GO
34601,1,car,2,4,28,0,7.758,41.14,11.428,YELLOW,True,28.0,,1,,GO
34602,1,car,2,4,28,0,7.807,41.14,11.428,YELLOW,True,28.0,,1,,GO
34603,1,car,2,4,28,0,7.857,41.14,11.428,YELLOW,True,28.0,,1,,GO
34604,1,car,2,4,28,0,7.907,41.14,11.428,YELLOW,True,28.0,,1,,GO
34605,1,car,2,4,28,0,7.955,41.14,11.428,YELLOW,True,28.0,,1,,GO
34606,1,car,2,4,28,0,8.005,42.85,11.904,YELLOW,True,28.0,,1,,GO
34607,1,car,2,4,28,0,8.056,42.85,11.904,YELLOW,True,28.0,,1,,GO
34608,1,car,2,4,28,0,8.104,42.85,11.904,YELLOW,True,28.0,,1,,GO
34609,1,car,2,4,28,0,8.154,42.85,11.904,YELLOW,True,28.0,,1,,GO
34610,1,car,2,4,28,0,8.204,42.85,11.904,YELLOW,True,28.0,,1,,GO
34611,1,car,2,4,28,0,8.252,42.85,11.904,YELLOW,True,28.0,,1,,GO
34612,1,car,2,4,28,0,8.302,42.85,11.904,YELLOW,True,28.0,,1,,GO
34613,1,car,2,4,28,0,8.375,42.85,11.904,YELLOW,True,28.0,,1,,GO
34614,1,car,2,4,28,0,8.423,42.85,11.904,YELLOW,True,28.0,,1,,GO
34615,1,car,2,4,28,0,8.5,42.85,11.904,YELLOW,True,28.0,,1,,GO
34616,1,car,2,4,28,0,8.55,42.85,11.904,YELLOW,True,28.0,,1,,GO
34617,1,car,2,4,28,0,8.599,42.85,11.904,YELLOW,True,28.0,,1,,GO
34618,1,car,2,4,28,0,8.649,42.85,11.904,YELLOW,True,28.0,,1,,GO
34619,1,car,2,4,28,0,8.7,42.85,11.904,YELLOW,True,28.0,,1,,GO
34620,1,car,2,4,28,0,8.749,42.85,11.904,YELLOW,True,28.0,,1,,GO
34621,1,car,2,4,28,0,8.799,42.85,11.904,YELLOW,True,28.0,,1,,GO
34622,1,car,2,4,28,0,8.851,42.85,11.904,YELLOW,True,28.0,,1,,GO
34623,1,car,2,4,28,0,8.899,42.85,11.904,YELLOW,True,28.0,,1,,GO
34624,1,car,2,4,28,0,8.949,42.85,11.904,YELLOW,True,28.0,,1,,GO
34625,1,car,2,4,28,0,8.999,45.43,12.619,YELLOW,True,28.0,,1,,GO
34626,1,car,2,4,28,0,9.047,45.43,12.619,YELLOW,True,28.0,,1,,GO
34627,1,car,2,4,28,0,9.097,45.43,12.619,YELLOW,True,28.0,,1,,GO
34628,1,car,2,4,28,0,9.147,45.43,12.619,YELLOW,True,28.0,,1,,GO
34629,1,car,2,4,28,0,9.195,45.43,12.619,YELLOW,True,28.0,,1,,GO
34630,1,car,2,4,28,0,9.245,45.43,12.619,YELLOW,True,28.0,,1,,GO
34631,1,car,2,4,28,0,9.295,45.43,12.619,YELLOW,True,28.0,,1,,GO
34632,1,car,2,4,28,0,9.344,45.43,12.619,YELLOW,True,28.0,,1,,GO
34633,1,car,2,4,28,0,9.394,45.43,12.619,YELLOW,True,28.0,,1,,GO
34634,1,car,2,4,28,0,9.444,45.43,12.619,YELLOW,True,28.0,,1,,GO
34635,1,car,2,4,28,0,9.493,45.43,12.619,YELLOW,True,28.0,,1,,GO
34636,1,car,2,4,28,0,9.543,45.43,12.619,YELLOW,True,28.0,,1,,GO
34637,1,car,2,4,28,0,9.596,45.43,12.619,YELLOW,True,28.0,,1,,GO
34638,1,car,2,4,28,0,9.645,45.43,12.619,YELLOW,True,28.0,,1,,GO
34639,1,car,2,4,28,0,9.695,45.43,12.619,YELLOW,True,28.0,,1,,GO
34640,1,car,2,4,28,0,9.745,45.43,12.619,YELLOW,True,28.0,,1,,GO
34641,1,car,2,4,28,0,9.794,45.43,12.619,YELLOW,True,28.0,,1,,GO
34642,1,car,2,4,28,0,9.846,45.43,12.619,YELLOW,True,28.0,,1,,GO
34643,1,car,2,4,28,0,9.895,45.43,12.619,YELLOW,True,28.0,,1,,GO
34644,1,car,2,4,28,0,9.945,45.43,12.619,YELLOW,True,28.0,,1,,GO
34645,1,car,2,4,28,0,9.995,47.62,13.227,YELLOW,True,28.0,,1,,GO
34646,1,car,2,4,28,0,10.044,47.62,13.227,YELLOW,True,28.0,,1,,GO
34647,1,car,2,4,28,0,10.094,47.62,13.227,YELLOW,True,28.0,,1,,GO
34648,1,car,2,4,28,0,10.144,47.62,13.227,YELLOW,True,28.0,,1,,GO
34649,1,car,2,4,28,0,10.193,47.62,13.227,YELLOW,True,28.0,,1,,GO
34650,1,car,2,4,28,0,10.244,47.62,13.227,YELLOW,True,28.0,,1,,GO
34651,1,car,2,4,28,0,10.293,47.62,13.227,YELLOW,True,28.0,,1,,GO
34652,1,car,2,4,28,0,10.341,47.62,13.227,YELLOW,True,28.0,,1,,GO
34653,1,car,2,4,28,0,10.391,47.62,13.227,YELLOW,True,28.0,,1,,GO
34654,1,car,2,4,28,0,10.466,47.62,13.227,YELLOW,True,28.0,,1,,GO
34655,1,car,2,4,28,0,10.515,47.62,13.227,YELLOW,True,28.0,,1,,GO
34656,1,car,2,4,28,0,10.565,47.62,13.227,YELLOW,True,28.0,,1,,GO
34657,1,car,2,4,28,0,10.615,47.62,13.227,YELLOW,True,28.0,,1,,GO
34658,1,car,2,4,28,0,10.663,47.62,13.227,YELLOW,True,28.0,,1,,GO
34659,1,car,2,4,28,0,10.713,47.62,13.227,YELLOW,True,28.0,,1,,GO
34660,1,car,2,4,28,0,10.764,47.62,13.227,YELLOW,True,28.0,,1,,GO
34661,1,car,2,4,28,0,10.813,47.62,13.227,YELLOW,True,28.0,,1,,GO
34662,1,car,2,4,28,0,10.863,47.62,13.227,YELLOW,True,28.0,,1,,GO
34663,1,car,2,4,28,0,10.913,47.62,13.227,YELLOW,True,28.0,,1,,GO
34664,1,car,2,4,28,0,10.962,47.62,13.227,YELLOW,True,28.0,,1,,GO
34665,1,car,2,4,28,0,11.013,48.06,13.35,YELLOW,True,28.0,,1,,GO
34666,1,car,2,4,28,0,11.063,48.06,13.35,YELLOW,True,28.0,,1,,GO
34667,1,car,2,4,28,0,11.112,48.06,13.35,YELLOW,True,28.0,,1,,GO
34668,1,car,2,4,28,0,11.162,48.06,13.35,YELLOW,True,28.0,,1,,GO
34669,1,car,2,4,28,0,11.212,48.06,13.35,YELLOW,True,28.0,,1,,GO
34670,1,car,2,4,28,0,11.261,48.06,13.35,YELLOW,True,28.0,,1,,GO
34671,1,car,2,4,28,0,11.311,48.06,13.35,YELLOW,True,28.0,,1,,GO
34672,1,car,2,4,28,0,11.361,48.06,13.35,YELLOW,True,28.0,,1,,GO
34673,1,car,2,4,28,0,11.414,48.06,13.35,YELLOW,True,28.0,,1,,GO
34674,1,car,2,4,28,0,11.464,48.06,13.35,YELLOW,True,28.0,,1,,GO
34675,1,car,2,4,28,0,11.514,48.06,13.35,YELLOW,True,28.0,,1,,GO
34676,1,car,2,4,28,0,11.562,48.06,13.35,YELLOW,True,28.0,,1,,GO
34677,1,car,2,4,28,0,11.612,48.06,13.35,YELLOW,True,28.0,,1,,GO
34678,1,car,2,4,28,0,11.662,48.06,13.35,YELLOW,True,28.0,,1,,GO
34679,1,car,2,4,28,0,11.711,48.06,13.35,YELLOW,True,28.0,,1,,GO
34680,1,car,2,4,28,0,11.762,48.06,13.35,YELLOW,True,28.0,,1,,GO
34681,1,car,2,4,28,0,11.81,48.06,13.35,YELLOW,True,28.0,,1,,GO
34682,1,car,2,4,28,0,11.858,48.06,13.35,YELLOW,True,28.0,,1,,GO
34683,1,car,2,4,28,0,11.908,48.06,13.35,YELLOW,True,28.0,,1,,GO
34684,1,car,2,4,28,0,11.957,48.06,13.35,YELLOW,True,28.0,,1,,GO
34685,1,car,2,4,28,0,12.007,47.61,13.224,YELLOW,True,28.0,,1,,GO
34686,1,car,2,4,28,0,12.058,47.61,13.224,YELLOW,True,28.0,,1,,GO
34687,1,car,2,4,28,0,12.107,47.61,13.224,YELLOW,True,28.0,,1,,GO
34688,1,car,2,4,28,0,12.157,47.61,13.224,YELLOW,True,28.0,,1,,GO
34689,1,car,2,4,28,0,12.208,47.61,13.224,YELLOW,True,28.0,,1,,GO
34690,1,car,2,4,28,0,12.257,47.61,13.224,YELLOW,True,28.0,,1,,GO
34691,1,car,2,4,28,0,12.308,47.61,13.224,YELLOW,True,28.0,,1,,GO
34692,1,car,2,4,28,0,12.358,47.61,13.224,YELLOW,True,28.0,,1,,GO
34693,1,car,2,4,28,0,12.413,47.61,13.224,YELLOW,True,28.0,,1,,GO
34694,1,car,2,4,28,0,12.463,47.61,13.224,YELLOW,True,28.0,,1,,GO
34695,1,car,2,4,28,0,12.536,47.61,13.224,YELLOW,True,28.0,,1,,GO
34696,1,car,2,4,28,0,12.585,47.61,13.224,YELLOW,True,28.0,,1,,GO
34697,1,car,2,4,28,0,12.635,47.61,13.224,YELLOW,True,28.0,,1,,GO
34698,1,car,2,4,28,0,12.687,47.61,13.224,YELLOW,True,28.0,,1,,GO
34699,1,car,2,4,28,0,12.735,47.61,13.224,YELLOW,True,28.0,,1,,GO
34700,1,car,2,4,28,0,12.785,47.61,13.224,YELLOW,True,28.0,,1,,GO
34701,1,car,2,4,28,0,12.835,47.61,13.224,YELLOW,True,28.0,,1,,GO
34702,1,car,2,4,28,0,12.884,47.61,13.224,YELLOW,True,28.0,,1,,GO
34703,1,car,2,4,28,0,12.934,47.61,13.224,YELLOW,True,28.0,,1,,GO
45016,1,car,2,4,28,0,0.0,41.72,11.59,YELLOW,True,28.0,,1,,STOP
45017,1,car,2,4,28,0,0.05,41.72,11.59,YELLOW,True,28.0,,1,,STOP
45018,1,car,2,4,28,0,0.099,41.72,11.59,YELLOW,True,28.0,,1,,STOP
45019,1,car,2,4,28,0,0.15,41.72,11.59,YELLOW,True,28.0,,1,,STOP
45020,1,car,2,4,28,0,0.246,41.72,11.59,YELLOW,True,28.0,,1,,STOP
45021,1,car,2,4,28,0,0.295,41.72,11.59,YELLOW,True,28.0,,1,,STOP
45022,1,car,2,4,28,0,0.345,41.72,11.59,YELLOW,True,28.0,,1,,STOP
45023,1,car,2,4,28,0,0.395,41.72,11.59,YELLOW,True,28.0,,1,,STOP
45024,1,car,2,4,28,0,0.443,41.72,11.59,YELLOW,True,28.0,,1,,STOP
45025,1,car,2,4,28,0,0.493,41.72,11.59,YELLOW,True,28.0,,1,,STOP
45026,1,car,2,4,28,0,0.543,41.72,11.59,YELLOW,True,28.0,,1,,STOP
45027,1,car,2,4,28,0,0.592,41.72,11.59,YELLOW,True,28.0,,1,,STOP
45028,1,car,2,4,28,0,0.642,41.72,11.59,YELLOW,True,28.0,,1,,STOP
45029,1,car,2,4,28,0,0.692,41.72,11.59,YELLOW,True,28.0,,1,,STOP
45030,1,car,2,4,28,0,0.741,41.72,11.59,YELLOW,True,28.0,,1,,STOP
45031,1,car,2,4,28,0,0.791,41.72,11.59,YELLOW,True,28.0,,1,,STOP
45032,1,car,2,4,28,0,0.841,41.72,11.59,YELLOW,True,28.0,,1,,STOP
45033,1,car,2,4,28,0,0.89,41.72,11.59,YELLOW,True,28.0,,1,,STOP
45034,1,car,2,4,28,0,0.941,41.72,11.59,YELLOW,True,28.0,,1,,STOP
45035,1,car,2,4,28,0,0.991,37.53,10.425,YELLOW,True,28.0,,1,,STOP
45036,1,car,2,4,28,0,1.04,37.53,10.425,YELLOW,True,28.0,,1,,STOP
45037,1,car,2,4,28,0,1.09,37.53,10.425,YELLOW,True,28.0,,1,,STOP
45038,1,car,2,4,28,0,1.14,37.53,10.425,YELLOW,True,28.0,,1,,STOP
45039,1,car,2,4,28,0,1.189,37.53,10.425,YELLOW,True,28.0,,1,,STOP
45040,1,car,2,4,28,0,1.239,37.53,10.425,YELLOW,True,28.0,,1,,STOP
45041,1,car,2,4,28,0,1.289,37.53,10.425,YELLOW,True,28.0,,1,,STOP
45042,1,car,2,4,28,0,1.338,37.53,10.425,YELLOW,True,28.0,,1,,STOP
45043,1,car,2,4,28,0,1.388,37.53,10.425,YELLOW,True,28.0,,1,,STOP
45044,1,car,2,4,28,0,1.45,37.53,10.425,YELLOW,True,28.0,,1,,STOP
45045,1,car,2,4,28,0,1.499,37.53,10.425,YELLOW,True,28.0,,1,,STOP
45046,1,car,2,4,28,0,1.549,37.53,10.425,YELLOW,True,28.0,,1,,STOP
45047,1,car,2,4,28,0,1.599,37.53,10.425,YELLOW,True,28.0,,1,,STOP
45048,1,car,2,4,28,0,1.647,37.53,10.425,YELLOW,True,28.0,,1,,STOP
45049,1,car,2,4,28,0,1.697,37.53,10.425,YELLOW,True,28.0,,1,,STOP
45050,1,car,2,4,28,0,1.747,37.53,10.425,YELLOW,True,28.0,,1,,STOP
45051,1,car,2,4,28,0,1.796,37.53,10.425,YELLOW,True,28.0,,1,,STOP
45052,1,car,2,4,28,0,1.846,37.53,10.425,YELLOW,True,28.0,,1,,STOP
45053,1,car,2,4,28,0,1.896,37.53,10.425,YELLOW,True,28.0,,1,,STOP
45054,1,car,2,4,28,0,1.945,37.53,10.425,YELLOW,True,28.0,,1,,STOP
45055,1,car,2,4,28,0,1.995,32.14,8.928,YELLOW,True,28.0,,1,,STOP
45056,1,car,2,4,28,0,2.045,32.14,8.928,YELLOW,True,28.0,,1,,STOP
45057,1,car,2,4,28,0,2.094,32.14,8.928,YELLOW,True,28.0,,1,,STOP
45058,1,car,2,4,28,0,2.144,32.14,8.928,YELLOW,True,28.0,,1,,STOP
45059,1,car,2,4,28,0,2.194,32.14,8.928,YELLOW,True,28.0,,1,,STOP
45060,1,car,2,4,28,0,2.265,32.14,8.928,YELLOW,True,28.0,,1,,STOP
45061,1,car,2,4,28,0,2.315,32.14,8.928,YELLOW,True,28.0,,1,,STOP
45062,1,car,2,4,28,0,2.365,32.14,8.928,YELLOW,True,28.0,,1,,STOP
45063,1,car,2,4,28,0,2.413,32.14,8.928,YELLOW,True,28.0,,1,,STOP
45064,1,car,2,4,28,0,2.463,32.14,8.928,YELLOW,True,28.0,,1,,STOP
45065,1,car,2,4,28,0,2.513,32.14,8.928,YELLOW,True,28.0,,1,,STOP
45066,1,car,2,4,28,0,2.571,32.14,8.928,YELLOW,True,28.0,,1,,STOP
45067,1,car,2,4,28,0,2.623,32.14,8.928,YELLOW,True,28.0,,1,,STOP
45068,1,car,2,4,28,0,2.673,32.14,8.928,YELLOW,True,28.0,,1,,STOP
45069,1,car,2,4,28,0,2.721,32.14,8.928,YELLOW,True,28.0,,1,,STOP
45070,1,car,2,4,28,0,2.771,32.14,8.928,YELLOW,True,28.0,,1,,STOP
45071,1,car,2,4,28,0,2.821,32.14,8.928,YELLOW,True,28.0,,1,,STOP
45072,1,car,2,4,28,0,2.869,32.14,8.928,YELLOW,True,28.0,,1,,STOP
45073,1,car,2,4,28,0,2.919,32.14,8.928,YELLOW,True,28.0,,1,,STOP
45074,1,car,2,4,28,0,2.968,32.14,8.928,YELLOW,True,28.0,,1,,STOP
45075,1,car,2,4,28,0,3.018,23.2,6.444,YELLOW,True,28.0,,1,,STOP
45076,1,car,2,4,28,0,3.068,23.2,6.444,YELLOW,True,28.0,,1,,STOP
45077,1,car,2,4,28,0,3.117,23.2,6.444,YELLOW,True,28.0,,1,,STOP
45078,1,car,2,4,28,0,3.167,23.2,6.444,YELLOW,True,28.0,,1,,STOP
45079,1,car,2,4,28,0,3.217,23.2,6.444,YELLOW,True,28.0,,1,,STOP
45080,1,car,2,4,28,0,3.268,23.2,6.444,YELLOW,True,28.0,,1,,STOP
45081,1,car,2,4,28,0,3.318,23.2,6.444,YELLOW,True,28.0,,1,,STOP
45082,1,car,2,4,28,0,3.368,23.2,6.444,YELLOW,True,28.0,,1,,STOP
45083,1,car,2,4,28,0,3.417,23.2,6.444,YELLOW,True,28.0,,1,,STOP
45084,1,car,2,4,28,0,3.467,23.2,6.444,YELLOW,True,28.0,,1,,STOP
45085,1,car,2,4,28,0,3.517,23.2,6.444,YELLOW,True,28.0,,1,,STOP
45086,1,car,2,4,28,0,3.566,23.2,6.444,YELLOW,True,28.0,,1,,STOP
45087,1,car,2,4,28,0,3.644,23.2,6.444,YELLOW,True,28.0,,1,,STOP
45088,1,car,2,4,28,0,3.694,23.2,6.444,YELLOW,True,28.0,,1,,STOP
45089,1,car,2,4,28,0,3.742,23.2,6.444,YELLOW,True,28.0,,1,,STOP
45090,1,car,2,4,28,0,3.792,23.2,6.444,YELLOW,True,28.0,,1,,STOP
45091,1,car,2,4,28,0,3.842,23.2,6.444,YELLOW,True,28.0,,1,,STOP
45092,1,car,2,4,28,0,3.89,23.2,6.444,YELLOW,True,28.0,,1,,STOP
45093,1,car,2,4,28,0,3.94,23.2,6.444,YELLOW,True,28.0,,1,,STOP
45094,1,car,2,4,28,0,3.99,13.4,3.721,YELLOW,True,28.0,,1,,STOP
45095,1,car,2,4,28,0,4.038,13.4,3.721,YELLOW,True,28.0,,1,,STOP
45096,1,car,2,4,28,0,4.088,13.4,3.721,YELLOW,True,28.0,,1,,STOP
45097,1,car,2,4,28,0,4.139,13.4,3.721,YELLOW,True,28.0,,1,,STOP
45098,1,car,2,4,28,0,4.188,13.4,3.721,YELLOW,True,28.0,,1,,STOP
45099,1,car,2,4,28,0,4.238,13.4,3.721,YELLOW,True,28.0,,1,,STOP
45100,1,car,2,4,28,0,4.311,13.4,3.721,YELLOW,True,28.0,,1,,STOP
45101,1,car,2,4,28,0,4.36,13.4,3.721,YELLOW,True,28.0,,1,,STOP
45102,1,car,2,4,28,0,4.41,13.4,3.721,YELLOW,True,28.0,,1,,STOP
45103,1,car,2,4,28,0,4.46,13.4,3.721,YELLOW,True,28.0,,1,,STOP
45104,1,car,2,4,28,0,4.508,13.4,3.721,YELLOW,True,28.0,,1,,STOP
45105,1,car,2,4,28,0,4.558,13.4,3.721,YELLOW,True,28.0,,1,,STOP
45106,1,car,2,4,28,0,4.617,13.4,3.721,YELLOW,True,28.0,,1,,STOP
45107,1,car,2,4,28,0,4.667,13.4,3.721,YELLOW,True,28.0,,1,,STOP
45108,1,car,2,4,28,0,4.717,13.4,3.721,YELLOW,True,28.0,,1,,STOP
45109,1,car,2,4,28,0,4.766,13.4,3.721,YELLOW,True,28.0,,1,,STOP
45110,1,car,2,4,28,0,4.815,13.4,3.721,YELLOW,True,28.0,,1,,STOP
45111,1,car,2,4,28,0,4.865,13.4,3.721,YELLOW,True,28.0,,1,,STOP
45112,1,car,2,4,28,0,4.915,13.4,3.721,YELLOW,True,28.0,,1,,STOP
45113,1,car,2,4,28,0,4.964,13.4,3.721,YELLOW,True,28.0,,1,,STOP
45114,1,car,2,4,28,0,5.014,5.98,1.661,YELLOW,True,28.0,,1,,STOP
45115,1,car,2,4,28,0,5.066,5.98,1.661,YELLOW,True,28.0,,1,,STOP
45116,1,car,2,4,28,0,5.114,5.98,1.661,YELLOW,True,28.0,,1,,STOP
45117,1,car,2,4,28,0,5.164,5.98,1.661,YELLOW,True,28.0,,1,,STOP
45118,1,car,2,4,28,0,5.214,5.98,1.661,YELLOW,True,28.0,,1,,STOP
45119,1,car,2,4,28,0,5.262,5.98,1.661,YELLOW,True,28.0,,1,,STOP
45120,1,car,2,4,28,0,5.313,5.98,1.661,YELLOW,True,28.0,,1,,STOP
45121,1,car,2,4,28,0,5.363,5.98,1.661,YELLOW,True,28.0,,1,,STOP
45122,1,car,2,4,28,0,5.411,5.98,1.661,YELLOW,True,28.0,,1,,STOP
45123,1,car,2,4,28,0,5.461,5.98,1.661,YELLOW,True,28.0,,1,,STOP
45124,1,car,2,4,28,0,5.539,5.98,1.661,YELLOW,True,28.0,,1,,STOP
45125,1,car,2,4,28,0,5.589,5.98,1.661,YELLOW,True,28.0,,1,,STOP
45126,1,car,2,4,28,0,5.639,5.98,1.661,YELLOW,True,28.0,,1,,STOP
45127,1,car,2,4,28,0,5.688,5.98,1.661,YELLOW,True,28.0,,1,,STOP
45128,1,car,2,4,28,0,5.738,5.98,1.661,YELLOW,True,28.0,,1,,STOP
45129,1,car,2,4,28,0,5.788,5.98,1.661,YELLOW,True,28.0,,1,,STOP
45130,1,car,2,4,28,0,5.837,5.98,1.661,YELLOW,True,28.0,,1,,STOP
45131,1,car,2,4,28,0,5.887,5.98,1.661,YELLOW,True,28.0,,1,,STOP
45132,1,car,2,4,28,0,5.938,5.98,1.661,YELLOW,True,28.0,,1,,STOP
45133,1,car,2,4,28,0,5.986,2.91,0.808,YELLOW,True,28.0,,1,,STOP
45134,1,car,2,4,28,0,6.036,2.91,0.808,YELLOW,True,28.0,,1,,STOP
45135,1,car,2,4,28,0,6.086,2.91,0.808,YELLOW,True,28.0,,1,,STOP
45136,1,car,2,4,28,0,6.134,2.91,0.808,YELLOW,True,28.0,,1,,STOP
45137,1,car,2,4,28,0,6.185,2.91,0.808,YELLOW,True,28.0,,1,,STOP
45138,1,car,2,4,28,0,6.235,2.91,0.808,YELLOW,True,28.0,,1,,STOP
45139,1,car,2,4,28,0,6.284,2.91,0.808,YELLOW,True,28.0,,1,,STOP
45140,1,car,2,4,28,0,6.356,2.91,0.808,YELLOW,True,28.0,,1,,STOP
45141,1,car,2,4,28,0,6.409,2.91,0.808,YELLOW,True,28.0,,1,,STOP
45142,1,car,2,4,28,0,6.46,2.91,0.808,YELLOW,True,28.0,,1,,STOP
45143,1,car,2,4,28,0,6.51,2.91,0.808,YELLOW,True,28.0,,1,,STOP
45144,1,car,2,4,28,0,6.56,2.91,0.808,YELLOW,True,28.0,,1,,STOP
45145,1,car,2,4,28,0,6.609,2.91,0.808,YELLOW,True,28.0,,1,,STOP
45146,1,car,2,4,28,0,6.659,2.91,0.808,YELLOW,True,28.0,,1,,STOP
45147,1,car,2,4,28,0,6.709,2.91,0.808,YELLOW,True,28.0,,1,,STOP
45148,1,car,2,4,28,0,6.758,2.91,0.808,YELLOW,True,28.0,,1,,STOP
45149,1,car,2,4,28,0,6.808,2.91,0.808,YELLOW,True,28.0,,1,,STOP
45150,1,car,2,4,28,0,6.859,2.91,0.808,YELLOW,True,28.0,,1,,STOP
45151,1,car,2,4,28,0,6.908,2.91,0.808,YELLOW,True,28.0,,1,,STOP
45152,1,car,2,4,28,0,6.959,2.79,0.775,YELLOW,True,28.0,,1,,STOP
45153,1,car,2,4,28,0,7.011,2.79,0.775,YELLOW,True,28.0,,1,,STOP
45154,1,car,2,4,28,0,7.06,2.79,0.775,YELLOW,True,28.0,,1,,STOP
45155,1,car,2,4,28,0,7.111,2.79,0.775,YELLOW,True,28.0,,1,,STOP
45156,1,car,2,4,28,0,7.161,2.79,0.775,YELLOW,True,28.0,,1,,STOP
45157,1,car,2,4,28,0,7.209,2.79,0.775,YELLOW,True,28.0,,1,,STOP
45158,1,car,2,4,28,0,7.259,2.79,0.775,YELLOW,True,28.0,,1,,STOP
45159,1,car,2,4,28,0,7.312,2.79,0.775,YELLOW,True,28.0,,1,,STOP
45160,1,car,2,4,28,0,7.361,2.79,0.775,YELLOW,True,28.0,,1,,STOP
45161,1,car,2,4,28,0,7.411,2.79,0.775,YELLOW,True,28.0,,1,,STOP
45162,1,car,2,4,28,0,7.464,2.79,0.775,YELLOW,True,28.0,,1,,STOP
45163,1,car,2,4,28,0,7.513,2.79,0.775,YELLOW,True,28.0,,1,,STOP
45164,1,car,2,4,28,0,7.563,2.79,0.775,YELLOW,True,28.0,,1,,STOP
45165,1,car,2,4,28,0,7.613,2.79,0.775,YELLOW,True,28.0,,1,,STOP
45166,1,car,2,4,28,0,7.662,2.79,0.775,YELLOW,True,28.0,,1,,STOP
45167,1,car,2,4,28,0,7.712,2.79,0.775,YELLOW,True,28.0,,1,,STOP
45168,1,car,2,4,28,0,7.761,2.79,0.775,YELLOW,True,28.0,,1,,STOP
45169,1,car,2,4,28,0,7.811,2.79,0.775,YELLOW,True,28.0,,1,,STOP
45170,1,car,2,4,28,0,7.864,2.79,0.775,YELLOW,True,28.0,,1,,STOP
45171,1,car,2,4,28,0,7.913,2.79,0.775,YELLOW,True,28.0,,1,,STOP
45172,1,car,2,4,28,0,7.963,3.63,1.009,YELLOW,True,28.0,,1,,STOP
45173,1,car,2,4,28,0,8.016,3.63,1.009,YELLOW,True,28.0,,1,,STOP
45174,1,car,2,4,28,0,8.069,3.63,1.009,YELLOW,True,28.0,,1,,STOP
45175,1,car,2,4,28,0,8.119,3.63,1.009,YELLOW,True,28.0,,1,,STOP
45176,1,car,2,4,28,0,8.168,3.63,1.009,YELLOW,True,28.0,,1,,STOP
45177,1,car,2,4,28,0,8.216,3.63,1.009,YELLOW,True,28.0,,1,,STOP
45178,1,car,2,4,28,0,8.266,3.63,1.009,YELLOW,True,28.0,,1,,STOP
45179,1,car,2,4,28,0,8.316,3.63,1.009,YELLOW,True,28.0,,1,,STOP
45180,1,car,2,4,28,0,8.387,3.63,1.009,YELLOW,True,28.0,,1,,STOP
45181,1,car,2,4,28,0,8.436,3.63,1.009,YELLOW,True,28.0,,1,,STOP
45182,1,car,2,4,28,0,8.486,3.63,1.009,YELLOW,True,28.0,,1,,STOP
45183,1,car,2,4,28,0,8.534,3.63,1.009,YELLOW,True,28.0,,1,,STOP
45184,1,car,2,4,28,0,8.584,3.63,1.009,YELLOW,True,28.0,,1,,STOP
45185,1,car,2,4,28,0,8.634,3.63,1.009,YELLOW,True,28.0,,1,,STOP
45186,1,car,2,4,28,0,8.682,3.63,1.009,YELLOW,True,28.0,,1,,STOP
45187,1,car,2,4,28,0,8.733,3.63,1.009,YELLOW,True,28.0,,1,,STOP
45188,1,car,2,4,28,0,8.783,3.63,1.009,YELLOW,True,28.0,,1,,STOP
45189,1,car,2,4,28,0,8.831,3.63,1.009,YELLOW,True,28.0,,1,,STOP
45190,1,car,2,4,28,0,8.881,3.63,1.009,YELLOW,True,28.0,,1,,STOP
45191,1,car,2,4,28,0,8.931,3.63,1.009,YELLOW,True,28.0,,1,,STOP
45192,1,car,2,4,28,0,8.981,3.26,0.905,YELLOW,True,28.0,,1,,STOP
45193,1,car,2,4,28,0,9.031,3.26,0.905,YELLOW,True,28.0,,1,,STOP
45194,1,car,2,4,28,0,9.084,3.26,0.905,YELLOW,True,28.0,,1,,STOP
45195,1,car,2,4,28,0,9.133,3.26,0.905,YELLOW,True,28.0,,1,,STOP
45196,1,car,2,4,28,0,9.183,3.26,0.905,YELLOW,True,28.0,,1,,STOP
45197,1,car,2,4,28,0,9.233,3.26,0.905,YELLOW,True,28.0,,1,,STOP
45198,1,car,2,4,28,0,9.281,3.26,0.905,YELLOW,True,28.0,,1,,STOP
45199,1,car,2,4,28,0,9.331,3.26,0.905,YELLOW,True,28.0,,1,,STOP
45200,1,car,2,4,28,0,9.383,3.26,0.905,YELLOW,True,28.0,,1,,STOP
45201,1,car,2,4,28,0,9.431,3.26,0.905,YELLOW,True,28.0,,1,,STOP
45202,1,car,2,4,28,0,9.481,3.26,0.905,YELLOW,True,28.0,,1,,STOP
45203,1,car,2,4,28,0,9.529,3.26,0.905,YELLOW,True,28.0,,1,,STOP
45204,1,car,2,4,28,0,9.578,3.26,0.905,YELLOW,True,28.0,,1,,STOP
45205,1,car,2,4,28,0,9.628,3.26,0.905,YELLOW,True,28.0,,1,,STOP
45206,1,car,2,4,28,0,9.677,3.26,0.905,YELLOW,True,28.0,,1,,STOP
45207,1,car,2,4,28,0,9.727,3.26,0.905,YELLOW,True,28.0,,1,,STOP
45208,1,car,2,4,28,0,9.779,3.26,0.905,YELLOW,True,28.0,,1,,STOP
45209,1,car,2,4,28,0,9.828,3.26,0.905,YELLOW,True,28.0,,1,,STOP
45210,1,car,2,4,28,0,9.878,3.26,0.905,YELLOW,True,28.0,,1,,STOP
45211,1,car,2,4,28,0,9.928,3.26,0.905,YELLOW,True,28.0,,1,,STOP
45212,1,car,2,4,28,0,9.977,4.41,1.224,YELLOW,True,28.0,,1,,STOP
45213,1,car,2,4,28,0,10.027,4.41,1.224,YELLOW,True,28.0,,1,,STOP
45214,1,car,2,4,28,0,10.077,4.41,1.224,YELLOW,True,28.0,,1,,STOP
45215,1,car,2,4,28,0,10.125,4.41,1.224,YELLOW,True,28.0,,1,,STOP
45216,1,car,2,4,28,0,10.176,4.41,1.224,YELLOW,True,28.0,,1,,STOP
45217,1,car,2,4,28,0,10.226,4.41,1.224,YELLOW,True,28.0,,1,,STOP
45218,1,car,2,4,28,0,10.274,4.41,1.224,YELLOW,True,28.0,,1,,STOP
45219,1,car,2,4,28,0,10.327,4.41,1.224,YELLOW,True,28.0,,1,,STOP
45220,1,car,2,4,28,0,10.377,4.41,1.224,YELLOW,True,28.0,,1,,STOP
45221,1,car,2,4,28,0,10.449,4.41,1.224,YELLOW,True,28.0,,1,,STOP
45222,1,car,2,4,28,0,10.498,4.41,1.224,YELLOW,True,28.0,,1,,STOP
45223,1,car,2,4,28,0,10.549,4.41,1.224,YELLOW,True,28.0,,1,,STOP
45224,1,car,2,4,28,0,10.597,4.41,1.224,YELLOW,True,28.0,,1,,STOP
45225,1,car,2,4,28,0,10.647,4.41,1.224,YELLOW,True,28.0,,1,,STOP
45226,1,car,2,4,28,0,10.697,4.41,1.224,YELLOW,True,28.0,,1,,STOP
45227,1,car,2,4,28,0,10.746,4.41,1.224,YELLOW,True,28.0,,1,,STOP
45228,1,car,2,4,28,0,10.796,4.41,1.224,YELLOW,True,28.0,,1,,STOP
45229,1,car,2,4,28,0,10.846,4.41,1.224,YELLOW,True,28.0,,1,,STOP
45230,1,car,2,4,28,0,10.894,4.41,1.224,YELLOW,True,28.0,,1,,STOP
45231,1,car,2,4,28,0,10.944,4.41,1.224,YELLOW,True,28.0,,1,,STOP
45232,1,car,2,4,28,0,10.994,3.73,1.037,YELLOW,True,28.0,,1,,STOP
45233,1,car,2,4,28,0,11.043,3.73,1.037,YELLOW,True,28.0,,1,,STOP
45234,1,car,2,4,28,0,11.093,3.73,1.037,YELLOW,True,28.0,,1,,STOP
45235,1,car,2,4,28,0,11.143,3.73,1.037,YELLOW,True,28.0,,1,,STOP
45236,1,car,2,4,28,0,11.192,3.73,1.037,YELLOW,True,28.0,,1,,STOP
45237,1,car,2,4,28,0,11.242,3.73,1.037,YELLOW,True,28.0,,1,,STOP
45238,1,car,2,4,28,0,11.293,3.73,1.037,YELLOW,True,28.0,,1,,STOP
45239,1,car,2,4,28,0,11.364,3.73,1.037,YELLOW,True,28.0,,1,,STOP
45240,1,car,2,4,28,0,11.415,3.73,1.037,YELLOW,True,28.0,,1,,STOP
45241,1,car,2,4,28,0,11.465,3.73,1.037,YELLOW,True,28.0,,1,,STOP
45242,1,car,2,4,28,0,11.513,3.73,1.037,YELLOW,True,28.0,,1,,STOP
45243,1,car,2,4,28,0,11.563,3.73,1.037,YELLOW,True,28.0,,1,,STOP
45244,1,car,2,4,28,0,11.611,3.73,1.037,YELLOW,True,28.0,,1,,STOP
45245,1,car,2,4,28,0,11.661,3.73,1.037,YELLOW,True,28.0,,1,,STOP
45246,1,car,2,4,28,0,11.711,3.73,1.037,YELLOW,True,28.0,,1,,STOP
45247,1,car,2,4,28,0,11.759,3.73,1.037,YELLOW,True,28.0,,1,,STOP
45248,1,car,2,4,28,0,11.809,3.73,1.037,YELLOW,True,28.0,,1,,STOP
45249,1,car,2,4,28,0,11.859,3.73,1.037,YELLOW,True,28.0,,1,,STOP
45250,1,car,2,4,28,0,11.908,3.73,1.037,YELLOW,True,28.0,,1,,STOP
45251,1,car,2,4,28,0,11.958,4.18,1.16,YELLOW,True,28.0,,1,,STOP
45252,1,car,2,4,28,0,12.01,4.18,1.16,YELLOW,True,28.0,,1,,STOP
45253,1,car,2,4,28,0,12.058,4.18,1.16,YELLOW,True,28.0,,1,,STOP
45254,1,car,2,4,28,0,12.109,4.18,1.16,YELLOW,True,28.0,,1,,STOP
45255,1,car,2,4,28,0,12.159,4.18,1.16,YELLOW,True,28.0,,1,,STOP
45256,1,car,2,4,28,0,12.207,4.18,1.16,YELLOW,True,28.0,,1,,STOP
45257,1,car,2,4,28,0,12.257,4.18,1.16,YELLOW,True,28.0,,1,,STOP
45258,1,car,2,4,28,0,12.307,4.18,1.16,YELLOW,True,28.0,,1,,STOP
45259,1,car,2,4,28,0,12.359,4.18,1.16,YELLOW,True,28.0,,1,,STOP
45260,1,car,2,4,28,0,12.409,4.18,1.16,YELLOW,True,28.0,,1,,STOP
45261,1,car,2,4,28,0,12.461,4.18,1.16,YELLOW,True,28.0,,1,,STOP
45262,1,car,2,4,28,0,12.532,4.18,1.16,YELLOW,True,28.0,,1,,STOP
45263,1,car,2,4,28,0,12.582,4.18,1.16,YELLOW,True,28.0,,1,,STOP
45264,1,car,2,4,28,0,12.632,4.18,1.16,YELLOW,True,28.0,,1,,STOP
45265,1,car,2,4,28,0,12.681,4.18,1.16,YELLOW,True,28.0,,1,,STOP
45266,1,car,2,4,28,0,12.732,4.18,1.16,YELLOW,True,28.0,,1,,STOP
45267,1,car,2,4,28,0,12.782,4.18,1.16,YELLOW,True,28.0,,1,,STOP
45268,1,car,2,4,28,0,12.83,4.18,1.16,YELLOW,True,28.0,,1,,STOP
45269,1,car,2,4,28,0,12.88,4.18,1.16,YELLOW,True,28.0,,1,,STOP
45270,1,car,2,4,28,0,12.929,4.18,1.16,YELLOW,True,28.0,,1,,STOP
45271,1,car,2,4,28,0,12.978,4.84,1.344,YELLOW,True,28.0,,1,,STOP
45272,1,car,2,4,28,0,13.028,4.84,1.344,YELLOW,True,28.0,,1,,STOP
45273,1,car,2,4,28,0,13.078,4.84,1.344,YELLOW,True,28.0,,1,,STOP
45274,1,car,2,4,28,0,13.126,4.84,1.344,YELLOW,True,28.0,,1,,STOP
45275,1,car,2,4,28,0,13.201,4.84,1.344,YELLOW,True,28.0,,1,,STOP
45276,1,car,2,4,28,0,13.25,4.84,1.344,YELLOW,True,28.0,,1,,STOP
45277,1,car,2,4,28,0,13.3,4.84,1.344,YELLOW,True,28.0,,1,,STOP
45278,1,car,2,4,28,0,13.35,4.84,1.344,YELLOW,True,28.0,,1,,STOP
45279,1,car,2,4,28,0,13.398,4.84,1.344,YELLOW,True,28.0,,1,,STOP
45280,1,car,2,4,28,0,13.448,4.84,1.344,YELLOW,True,28.0,,1,,STOP
45281,1,car,2,4,28,0,13.499,4.84,1.344,YELLOW,True,28.0,,1,,STOP
45282,1,car,2,4,28,0,13.548,4.84,1.344,YELLOW,True,28.0,,1,,STOP
45283,1,car,2,4,28,0,13.598,4.84,1.344,YELLOW,True,28.0,,1,,STOP
45284,1,car,2,4,28,0,13.648,4.84,1.344,YELLOW,True,28.0,,1,,STOP
45285,1,car,2,4,28,0,13.696,4.84,1.344,YELLOW,True,28.0,,1,,STOP
45286,1,car,2,4,28,0,13.747,4.84,1.344,YELLOW,True,28.0,,1,,STOP
45287,1,car,2,4,28,0,13.797,4.84,1.344,YELLOW,True,28.0,,1,,STOP
45288,1,car,2,4,28,0,13.846,4.84,1.344,YELLOW,True,28.0,,1,,STOP
45289,1,car,2,4,28,0,13.896,4.84,1.344,YELLOW,True,28.0,,1,,STOP
45290,1,car,2,4,28,0,13.955,4.54,1.26,YELLOW,True,28.0,,1,,STOP
45291,1,car,2,4,28,0,14.004,4.54,1.26,YELLOW,True,28.0,,1,,STOP
45292,1,car,2,4,28,0,14.058,4.54,1.26,YELLOW,True,28.0,,1,,STOP
45293,1,car,2,4,28,0,14.111,4.54,1.26,YELLOW,True,28.0,,1,,STOP
45294,1,car,2,4,28,0,14.159,4.54,1.26,YELLOW,True,28.0,,1,,STOP
45295,1,car,2,4,28,0,14.209,4.54,1.26,YELLOW,True,28.0,,1,,STOP
45296,1,car,2,4,28,0,14.26,4.54,1.26,YELLOW,True,28.0,,1,,STOP
45297,1,car,2,4,28,0,14.308,4.54,1.26,YELLOW,True,28.0,,1,,STOP
45298,1,car,2,4,28,0,14.358,4.54,1.26,YELLOW,True,28.0,,1,,STOP
45299,1,car,2,4,28,0,14.408,4.54,1.26,YELLOW,True,28.0,,1,,STOP
45300,1,car,2,4,28,0,14.456,4.54,1.26,YELLOW,True,28.0,,1,,STOP
45301,1,car,2,4,28,0,14.507,4.54,1.26,YELLOW,True,28.0,,1,,STOP
45302,1,car,2,4,28,0,14.58,4.54,1.26,YELLOW,True,28.0,,1,,STOP
45303,1,car,2,4,28,0,14.628,4.54,1.26,YELLOW,True,28.0,,1,,STOP
45304,1,car,2,4,28,0,14.678,4.54,1.26,YELLOW,True,28.0,,1,,STOP
45305,1,car,2,4,28,0,14.728,4.54,1.26,YELLOW,True,28.0,,1,,STOP
45306,1,car,2,4,28,0,14.777,4.54,1.26,YELLOW,True,28.0,,1,,STOP
45307,1,car,2,4,28,0,14.827,4.54,1.26,YELLOW,True,28.0,,1,,STOP
45308,1,car,2,4,28,0,14.877,4.54,1.26,YELLOW,True,28.0,,1,,STOP
45309,1,car,2,4,28,0,14.926,4.54,1.26,YELLOW,True,28.0,,1,,STOP
45310,1,car,2,4,28,0,14.976,5.16,1.434,YELLOW,True,28.0,,1,,STOP
45311,1,car,2,4,28,0,15.026,5.16,1.434,YELLOW,True,28.0,,1,,STOP
45312,1,car,2,4,28,0,15.074,5.16,1.434,YELLOW,True,28.0,,1,,STOP
45313,1,car,2,4,28,0,15.124,5.16,1.434,YELLOW,True,28.0,,1,,STOP
45314,1,car,2,4,28,0,15.172,5.16,1.434,YELLOW,True,28.0,,1,,STOP
45315,1,car,2,4,28,0,15.225,5.16,1.434,YELLOW,True,28.0,,1,,STOP
45316,1,car,2,4,28,0,15.275,5.16,1.434,YELLOW,True,28.0,,1,,STOP
45317,1,car,2,4,28,0,15.323,5.16,1.434,YELLOW,True,28.0,,1,,STOP
45318,1,car,2,4,28,0,15.374,5.16,1.434,YELLOW,True,28.0,,1,,STOP
45319,1,car,2,4,28,0,15.424,5.16,1.434,YELLOW,True,28.0,,1,,STOP
45320,1,car,2,4,28,0,15.472,5.16,1.434,YELLOW,True,28.0,,1,,STOP
45321,1,car,2,4,28,0,15.522,5.16,1.434,YELLOW,True,28.0,,1,,STOP
45322,1,car,2,4,28,0,15.572,5.16,1.434,YELLOW,True,28.0,,1,,STOP
45323,1,car,2,4,28,0,15.62,5.16,1.434,YELLOW,True,28.0,,1,,STOP
45324,1,car,2,4,28,0,15.669,5.16,1.434,YELLOW,True,28.0,,1,,STOP
45325,1,car,2,4,28,0,15.719,5.16,1.434,YELLOW,True,28.0,,1,,STOP
45326,1,car,2,4,28,0,15.768,5.16,1.434,YELLOW,True,28.0,,1,,STOP
45327,1,car,2,4,28,0,15.818,5.16,1.434,YELLOW,True,28.0,,1,,STOP
45328,1,car,2,4,28,0,15.868,5.16,1.434,YELLOW,True,28.0,,1,,STOP
45329,1,car,2,4,28,0,15.916,5.16,1.434,YELLOW,True,28.0,,1,,STOP
45330,1,car,2,4,28,0,15.966,4.16,1.156,YELLOW,True,28.0,,1,,STOP
45331,1,car,2,4,28,0,16.016,4.16,1.156,YELLOW,True,28.0,,1,,STOP
45332,1,car,2,4,28,0,16.064,4.16,1.156,YELLOW,True,28.0,,1,,STOP
45333,1,car,2,4,28,0,16.114,4.16,1.156,YELLOW,True,28.0,,1,,STOP
45334,1,car,2,4,28,0,16.164,4.16,1.156,YELLOW,True,28.0,,1,,STOP
45335,1,car,2,4,28,0,16.213,4.16,1.156,YELLOW,True,28.0,,1,,STOP
45336,1,car,2,4,28,0,16.263,4.16,1.156,YELLOW,True,28.0,,1,,STOP
45337,1,car,2,4,28,0,16.313,4.16,1.156,YELLOW,True,28.0,,1,,STOP
45338,1,car,2,4,28,0,16.361,4.16,1.156,YELLOW,True,28.0,,1,,STOP
45339,1,car,2,4,28,0,16.416,4.16,1.156,YELLOW,True,28.0,,1,,STOP
45340,1,car,2,4,28,0,16.465,4.16,1.156,YELLOW,True,28.0,,1,,STOP
45341,1,car,2,4,28,0,16.513,4.16,1.156,YELLOW,True,28.0,,1,,STOP
45342,1,car,2,4,28,0,16.563,4.16,1.156,YELLOW,True,28.0,,1,,STOP
45343,1,car,2,4,28,0,16.635,4.16,1.156,YELLOW,True,28.0,,1,,STOP
45344,1,car,2,4,28,0,16.683,4.16,1.156,YELLOW,True,28.0,,1,,STOP
45345,1,car,2,4,28,0,16.733,4.16,1.156,YELLOW,True,28.0,,1,,STOP
45346,1,car,2,4,28,0,16.783,4.16,1.156,YELLOW,True,28.0,,1,,STOP
45347,1,car,2,4,28,0,16.831,4.16,1.156,YELLOW,True,28.0,,1,,STOP
45348,1,car,2,4,28,0,16.881,4.16,1.156,YELLOW,True,28.0,,1,,STOP
45349,1,car,2,4,28,0,16.931,4.16,1.156,YELLOW,True,28.0,,1,,STOP
45350,1,car,2,4,28,0,16.979,3.04,0.845,YELLOW,True,28.0,,1,,STOP
45351,1,car,2,4,28,0,17.029,3.04,0.845,YELLOW,True,28.0,,1,,STOP
45352,1,car,2,4,28,0,17.077,3.04,0.845,YELLOW,True,28.0,,1,,STOP
45353,1,car,2,4,28,0,17.127,3.04,0.845,YELLOW,True,28.0,,1,,STOP
45354,1,car,2,4,28,0,17.177,3.04,0.845,YELLOW,True,28.0,,1,,STOP
45355,1,car,2,4,28,0,17.255,3.04,0.845,YELLOW,True,28.0,,1,,STOP
45356,1,car,2,4,28,0,17.305,3.04,0.845,YELLOW,True,28.0,,1,,STOP
45357,1,car,2,4,28,0,17.355,3.04,0.845,YELLOW,True,28.0,,1,,STOP
45358,1,car,2,4,28,0,17.404,3.04,0.845,YELLOW,True,28.0,,1,,STOP
45359,1,car,2,4,28,0,17.455,3.04,0.845,YELLOW,True,28.0,,1,,STOP
45360,1,car,2,4,28,0,17.505,3.04,0.845,YELLOW,True,28.0,,1,,STOP
45361,1,car,2,4,28,0,17.554,3.04,0.845,YELLOW,True,28.0,,1,,STOP
45362,1,car,2,4,28,0,17.604,3.04,0.845,YELLOW,True,28.0,,1,,STOP
45363,1,car,2,4,28,0,17.655,3.04,0.845,YELLOW,True,28.0,,1,,STOP
45364,1,car,2,4,28,0,17.703,3.04,0.845,YELLOW,True,28.0,,1,,STOP
45365,1,car,2,4,28,0,17.753,3.04,0.845,YELLOW,True,28.0,,1,,STOP
45366,1,car,2,4,28,0,17.803,3.04,0.845,YELLOW,True,28.0,,1,,STOP
45367,1,car,2,4,28,0,17.854,3.04,0.845,YELLOW,True,28.0,,1,,STOP
45368,1,car,2,4,28,0,17.904,3.04,0.845,YELLOW,True,28.0,,1,,STOP
45369,1,car,2,4,28,0,17.954,1.86,0.517,YELLOW,True,28.0,,1,,STOP
45370,1,car,2,4,28,0,18.003,1.86,0.517,YELLOW,True,28.0,,1,,STOP
45371,1,car,2,4,28,0,18.053,1.86,0.517,YELLOW,True,28.0,,1,,STOP
45372,1,car,2,4,28,0,18.103,1.86,0.517,YELLOW,True,28.0,,1,,STOP
45373,1,car,2,4,28,0,18.162,1.86,0.517,YELLOW,True,28.0,,1,,STOP
45374,1,car,2,4,28,0,18.213,1.86,0.517,YELLOW,True,28.0,,1,,STOP
45375,1,car,2,4,28,0,18.263,1.86,0.517,YELLOW,True,28.0,,1,,STOP
45376,1,car,2,4,28,0,18.312,1.86,0.517,YELLOW,True,28.0,,1,,STOP
45377,1,car,2,4,28,0,18.362,1.86,0.517,YELLOW,True,28.0,,1,,STOP
45378,1,car,2,4,28,0,18.412,1.86,0.517,YELLOW,True,28.0,,1,,STOP
45379,1,car,2,4,28,0,18.461,1.86,0.517,YELLOW,True,28.0,,1,,STOP
45380,1,car,2,4,28,0,18.511,1.86,0.517,YELLOW,True,28.0,,1,,STOP
45381,1,car,2,4,28,0,18.561,1.86,0.517,YELLOW,True,28.0,,1,,STOP
45382,1,car,2,4,28,0,18.613,1.86,0.517,YELLOW,True,28.0,,1,,STOP
45383,1,car,2,4,28,0,18.686,1.86,0.517,YELLOW,True,28.0,,1,,STOP
45384,1,car,2,4,28,0,18.736,1.86,0.517,YELLOW,True,28.0,,1,,STOP
45385,1,car,2,4,28,0,18.785,1.86,0.517,YELLOW,True,28.0,,1,,STOP
45386,1,car,2,4,28,0,18.835,1.86,0.517,YELLOW,True,28.0,,1,,STOP
45387,1,car,2,4,28,0,18.885,1.86,0.517,YELLOW,True,28.0,,1,,STOP
45388,1,car,2,4,28,0,18.933,1.86,0.517,YELLOW,True,28.0,,1,,STOP
45389,1,car,2,4,28,0,18.983,2.15,0.598,YELLOW,True,28.0,,1,,STOP
45390,1,car,2,4,28,0,19.054,2.15,0.598,YELLOW,True,28.0,,1,,STOP
45391,1,car,2,4,28,0,19.103,2.15,0.598,YELLOW,True,28.0,,1,,STOP
45392,1,car,2,4,28,0,19.153,2.15,0.598,YELLOW,True,28.0,,1,,STOP
45393,1,car,2,4,28,0,19.202,2.15,0.598,YELLOW,True,28.0,,1,,STOP
45394,1,car,2,4,28,0,19.252,2.15,0.598,YELLOW,True,28.0,,1,,STOP
45395,1,car,2,4,28,0,19.302,2.15,0.598,YELLOW,True,28.0,,1,,STOP
45396,1,car,2,4,28,0,19.351,2.15,0.598,YELLOW,True,28.0,,1,,STOP
45397,1,car,2,4,28,0,19.401,2.15,0.598,YELLOW,True,28.0,,1,,STOP
45398,1,car,2,4,28,0,19.451,2.15,0.598,YELLOW,True,28.0,,1,,STOP
45399,1,car,2,4,28,0,19.499,2.15,0.598,YELLOW,True,28.0,,1,,STOP
45400,1,car,2,4,28,0,19.549,2.15,0.598,YELLOW,True,28.0,,1,,STOP
45401,1,car,2,4,28,0,19.599,2.15,0.598,YELLOW,True,28.0,,1,,STOP
45402,1,car,2,4,28,0,19.648,2.15,0.598,YELLOW,True,28.0,,1,,STOP
45403,1,car,2,4,28,0,19.698,2.15,0.598,YELLOW,True,28.0,,1,,STOP
45404,1,car,2,4,28,0,19.748,2.15,0.598,YELLOW,True,28.0,,1,,STOP
45405,1,car,2,4,28,0,19.796,2.15,0.598,YELLOW,True,28.0,,1,,STOP
45406,1,car,2,4,28,0,19.846,2.15,0.598,YELLOW,True,28.0,,1,,STOP
45407,1,car,2,4,28,0,19.896,2.15,0.598,YELLOW,True,28.0,,1,,STOP
45408,1,car,2,4,28,0,19.945,2.15,0.598,YELLOW,True,28.0,,1,,STOP
45409,1,car,2,4,28,0,19.996,2.15,0.598,YELLOW,True,28.0,,1,,STOP
45410,1,car,2,4,28,0,20.046,2.15,0.598,YELLOW,True,28.0,,1,,STOP
45411,1,car,2,4,28,0,20.094,2.15,0.598,YELLOW,True,28.0,,1,,STOP
45412,1,car,2,4,28,0,20.144,2.15,0.598,YELLOW,True,28.0,,1,,STOP
45413,1,car,2,4,28,0,20.246,2.15,0.598,YELLOW,True,28.0,,1,,STOP
45414,1,car,2,4,28,0,20.294,2.15,0.598,YELLOW,True,28.0,,1,,STOP
45415,1,car,2,4,28,0,20.344,2.15,0.598,YELLOW,True,28.0,,1,,STOP
45416,1,car,2,4,28,0,20.394,2.15,0.598,YELLOW,True,28.0,,1,,STOP
45417,1,car,2,4,28,0,20.443,2.15,0.598,YELLOW,True,28.0,,1,,STOP
45418,1,car,2,4,28,0,20.493,2.15,0.598,YELLOW,True,28.0,,1,,STOP
45419,1,car,2,4,28,0,20.543,2.15,0.598,YELLOW,True,28.0,,1,,STOP
45420,1,car,2,4,28,0,20.591,2.15,0.598,YELLOW,True,28.0,,1,,STOP
45421,1,car,2,4,28,0,20.641,2.15,0.598,YELLOW,True,28.0,,1,,STOP
45422,1,car,2,4,28,0,20.691,2.15,0.598,YELLOW,True,28.0,,1,,STOP
45423,1,car,2,4,28,0,20.762,2.15,0.598,YELLOW,True,28.0,,1,,STOP
45424,1,car,2,4,28,0,20.812,2.15,0.598,YELLOW,True,28.0,,1,,STOP
45425,1,car,2,4,28,0,20.862,2.15,0.598,YELLOW,True,28.0,,1,,STOP
45426,1,car,2,4,28,0,20.911,2.15,0.598,YELLOW,True,28.0,,1,,STOP
45427,1,car,2,4,28,0,20.961,2.83,0.786,YELLOW,True,28.0,,1,,STOP
45428,1,car,2,4,28,0,21.028,2.83,0.786,YELLOW,True,28.0,,1,,STOP
45429,1,car,2,4,28,0,21.076,2.83,0.786,YELLOW,True,28.0,,1,,STOP
45430,1,car,2,4,28,0,21.126,2.83,0.786,YELLOW,True,28.0,,1,,STOP
45431,1,car,2,4,28,0,21.175,2.83,0.786,YELLOW,True,28.0,,1,,STOP
45432,1,car,2,4,28,0,21.224,2.83,0.786,YELLOW,True,28.0,,1,,STOP
45433,1,car,2,4,28,0,21.274,2.83,0.786,YELLOW,True,28.0,,1,,STOP
45434,1,car,2,4,28,0,21.322,2.83,0.786,YELLOW,True,28.0,,1,,STOP
45435,1,car,2,4,28,0,21.372,2.83,0.786,YELLOW,True,28.0,,1,,STOP
45436,1,car,2,4,28,0,21.421,2.83,0.786,YELLOW,True,28.0,,1,,STOP
45437,1,car,2,4,28,0,21.469,2.83,0.786,YELLOW,True,28.0,,1,,STOP
45438,1,car,2,4,28,0,21.519,2.83,0.786,YELLOW,True,28.0,,1,,STOP
45439,1,car,2,4,28,0,21.569,2.83,0.786,YELLOW,True,28.0,,1,,STOP
45440,1,car,2,4,28,0,21.617,2.83,0.786,YELLOW,True,28.0,,1,,STOP
45441,1,car,2,4,28,0,21.667,2.83,0.786,YELLOW,True,28.0,,1,,STOP
45442,1,car,2,4,28,0,21.717,2.83,0.786,YELLOW,True,28.0,,1,,STOP
45443,1,car,2,4,28,0,21.766,2.83,0.786,YELLOW,True,28.0,,1,,STOP
45444,1,car,2,4,28,0,21.817,2.83,0.786,YELLOW,True,28.0,,1,,STOP
45445,1,car,2,4,28,0,21.867,2.83,0.786,YELLOW,True,28.0,,1,,STOP
45446,1,car,2,4,28,0,21.915,2.83,0.786,YELLOW,True,28.0,,1,,STOP
45447,1,car,2,4,28,0,21.965,2.49,0.693,YELLOW,True,28.0,,1,,STOP
45448,1,car,2,4,28,0,22.034,2.49,0.693,YELLOW,True,28.0,,1,,STOP
45449,1,car,2,4,28,0,22.082,2.49,0.693,YELLOW,True,28.0,,1,,STOP
45450,1,car,2,4,28,0,22.132,2.49,0.693,YELLOW,True,28.0,,1,,STOP
45451,1,car,2,4,28,0,22.182,2.49,0.693,YELLOW,True,28.0,,1,,STOP
45452,1,car,2,4,28,0,22.23,2.49,0.693,YELLOW,True,28.0,,1,,STOP
45453,1,car,2,4,28,0,22.28,2.49,0.693,YELLOW,True,28.0,,1,,STOP
45454,1,car,2,4,28,0,22.33,2.49,0.693,YELLOW,True,28.0,,1,,STOP
45455,1,car,2,4,28,0,22.378,2.49,0.693,YELLOW,True,28.0,,1,,STOP
45456,1,car,2,4,28,0,22.428,2.49,0.693,YELLOW,True,28.0,,1,,STOP
45457,1,car,2,4,28,0,22.478,2.49,0.693,YELLOW,True,28.0,,1,,STOP
45458,1,car,2,4,28,0,22.526,2.49,0.693,YELLOW,True,28.0,,1,,STOP
45459,1,car,2,4,28,0,22.577,2.49,0.693,YELLOW,True,28.0,,1,,STOP
45460,1,car,2,4,28,0,22.627,2.49,0.693,YELLOW,True,28.0,,1,,STOP
45461,1,car,2,4,28,0,22.675,2.49,0.693,YELLOW,True,28.0,,1,,STOP
45462,1,car,2,4,28,0,22.725,2.49,0.693,YELLOW,True,28.0,,1,,STOP
45463,1,car,2,4,28,0,22.799,2.49,0.693,YELLOW,True,28.0,,1,,STOP
45464,1,car,2,4,28,0,22.848,2.49,0.693,YELLOW,True,28.0,,1,,STOP
45465,1,car,2,4,28,0,22.898,2.49,0.693,YELLOW,True,28.0,,1,,STOP
45466,1,car,2,4,28,0,22.946,2.49,0.693,YELLOW,True,28.0,,1,,STOP
45467,1,car,2,4,28,0,22.996,0.49,0.136,YELLOW,True,28.0,,1,,STOP
45468,1,car,2,4,28,0,23.049,0.49,0.136,YELLOW,True,28.0,,1,,STOP
45469,1,car,2,4,28,0,23.098,0.49,0.136,YELLOW,True,28.0,,1,,STOP
45470,1,car,2,4,28,0,23.148,0.49,0.136,YELLOW,True,28.0,,1,,STOP
45471,1,car,2,4,28,0,23.199,0.49,0.136,YELLOW,True,28.0,,1,,STOP
45472,1,car,2,4,28,0,23.248,0.49,0.136,YELLOW,True,28.0,,1,,STOP
45473,1,car,2,4,28,0,23.298,0.49,0.136,YELLOW,True,28.0,,1,,STOP
45474,1,car,2,4,28,0,23.347,0.49,0.136,YELLOW,True,28.0,,1,,STOP
45475,1,car,2,4,28,0,23.395,0.49,0.136,YELLOW,True,28.0,,1,,STOP
45476,1,car,2,4,28,0,23.446,0.49,0.136,YELLOW,True,28.0,,1,,STOP
45477,1,car,2,4,28,0,23.496,0.49,0.136,YELLOW,True,28.0,,1,,STOP
45478,1,car,2,4,28,0,23.544,0.49,0.136,YELLOW,True,28.0,,1,,STOP
45479,1,car,2,4,28,0,23.594,0.49,0.136,YELLOW,True,28.0,,1,,STOP
45480,1,car,2,4,28,0,23.644,0.49,0.136,YELLOW,True,28.0,,1,,STOP
45481,1,car,2,4,28,0,23.692,0.49,0.136,YELLOW,True,28.0,,1,,STOP
45482,1,car,2,4,28,0,23.742,0.49,0.136,YELLOW,True,28.0,,1,,STOP
45483,1,car,2,4,28,0,23.792,0.49,0.136,YELLOW,True,28.0,,1,,STOP
45484,1,car,2,4,28,0,23.842,0.49,0.136,YELLOW,True,28.0,,1,,STOP
45485,1,car,2,4,28,0,23.892,0.49,0.136,YELLOW,True,28.0,,1,,STOP
45486,1,car,2,4,28,0,23.942,0.49,0.136,YELLOW,True,28.0,,1,,STOP
45487,1,car,2,4,28,0,24.021,0.33,0.093,YELLOW,True,28.0,,1,,STOP
45488,1,car,2,4,28,0,24.071,0.33,0.093,YELLOW,True,28.0,,1,,STOP
45489,1,car,2,4,28,0,24.121,0.33,0.093,YELLOW,True,28.0,,1,,STOP
45490,1,car,2,4,28,0,24.17,0.33,0.093,YELLOW,True,28.0,,1,,STOP
45491,1,car,2,4,28,0,24.22,0.33,0.093,YELLOW,True,28.0,,1,,STOP
45492,1,car,2,4,28,0,24.27,0.33,0.093,YELLOW,True,28.0,,1,,STOP
45493,1,car,2,4,28,0,24.319,0.33,0.093,YELLOW,True,28.0,,1,,STOP
45494,1,car,2,4,28,0,24.37,0.33,0.093,YELLOW,True,28.0,,1,,STOP
45495,1,car,2,4,28,0,24.42,0.33,0.093,YELLOW,True,28.0,,1,,STOP
45496,1,car,2,4,28,0,24.469,0.33,0.093,YELLOW,True,28.0,,1,,STOP
45497,1,car,2,4,28,0,24.519,0.33,0.093,YELLOW,True,28.0,,1,,STOP
45498,1,car,2,4,28,0,24.569,0.33,0.093,YELLOW,True,28.0,,1,,STOP
45499,1,car,2,4,28,0,24.617,0.33,0.093,YELLOW,True,28.0,,1,,STOP
45500,1,car,2,4,28,0,24.667,0.33,0.093,YELLOW,True,28.0,,1,,STOP
45501,1,car,2,4,28,0,24.717,0.33,0.093,YELLOW,True,28.0,,1,,STOP
45502,1,car,2,4,28,0,24.766,0.33,0.093,YELLOW,True,28.0,,1,,STOP
45503,1,car,2,4,28,0,24.839,0.33,0.093,YELLOW,True,28.0,,1,,STOP
45504,1,car,2,4,28,0,24.889,0.33,0.093,YELLOW,True,28.0,,1,,STOP
45505,1,car,2,4,28,0,24.937,0.33,0.093,YELLOW,True,28.0,,1,,STOP
45506,1,car,2,4,28,0,24.987,0.83,0.231,YELLOW,True,28.0,,1,,STOP
45507,1,car,2,4,28,0,25.039,0.83,0.231,YELLOW,True,28.0,,1,,STOP
45508,1,car,2,4,28,0,25.089,0.83,0.231,YELLOW,True,28.0,,1,,STOP
45509,1,car,2,4,28,0,25.139,0.83,0.231,YELLOW,True,28.0,,1,,STOP
45510,1,car,2,4,28,0,25.187,0.83,0.231,YELLOW,True,28.0,,1,,STOP
45511,1,car,2,4,28,0,25.239,0.83,0.231,YELLOW,True,28.0,,1,,STOP
45512,1,car,2,4,28,0,25.289,0.83,0.231,YELLOW,True,28.0,,1,,STOP
45513,1,car,2,4,28,0,25.338,0.83,0.231,YELLOW,True,28.0,,1,,STOP
45514,1,car,2,4,28,0,25.388,0.83,0.231,YELLOW,True,28.0,,1,,STOP
45515,1,car,2,4,28,0,25.438,0.83,0.231,YELLOW,True,28.0,,1,,STOP
45516,1,car,2,4,28,0,25.486,0.83,0.231,YELLOW,True,28.0,,1,,STOP
45517,1,car,2,4,28,0,25.536,0.83,0.231,YELLOW,True,28.0,,1,,STOP
45518,1,car,2,4,28,0,25.586,0.83,0.231,YELLOW,True,28.0,,1,,STOP
45519,1,car,2,4,28,0,25.635,0.83,0.231,YELLOW,True,28.0,,1,,STOP
45520,1,car,2,4,28,0,25.685,0.83,0.231,YELLOW,True,28.0,,1,,STOP
45521,1,car,2,4,28,0,25.735,0.83,0.231,YELLOW,True,28.0,,1,,STOP
45522,1,car,2,4,28,0,25.783,0.83,0.231,YELLOW,True,28.0,,1,,STOP
45523,1,car,2,4,28,0,25.833,0.83,0.231,YELLOW,True,28.0,,1,,STOP
45524,1,car,2,4,28,0,25.885,0.83,0.231,YELLOW,True,28.0,,1,,STOP
45525,1,car,2,4,28,0,25.933,0.83,0.231,YELLOW,True,28.0,,1,,STOP
45526,1,car,2,4,28,0,25.983,0.73,0.204,YELLOW,True,28.0,,1,,STOP
45527,1,car,2,4,28,0,26.033,0.73,0.204,YELLOW,True,28.0,,1,,STOP
45528,1,car,2,4,28,0,26.081,0.73,0.204,YELLOW,True,28.0,,1,,STOP
45529,1,car,2,4,28,0,26.159,0.73,0.204,YELLOW,True,28.0,,1,,STOP
45530,1,car,2,4,28,0,26.209,0.73,0.204,YELLOW,True,28.0,,1,,STOP
45531,1,car,2,4,28,0,26.258,0.73,0.204,YELLOW,True,28.0,,1,,STOP
45532,1,car,2,4,28,0,26.308,0.73,0.204,YELLOW,True,28.0,,1,,STOP
45533,1,car,2,4,28,0,26.358,0.73,0.204,YELLOW,True,28.0,,1,,STOP
45534,1,car,2,4,28,0,26.407,0.73,0.204,YELLOW,True,28.0,,1,,STOP
45535,1,car,2,4,28,0,26.457,0.73,0.204,YELLOW,True,28.0,,1,,STOP
45536,1,car,2,4,28,0,26.507,0.73,0.204,YELLOW,True,28.0,,1,,STOP
45537,1,car,2,4,28,0,26.556,0.73,0.204,YELLOW,True,28.0,,1,,STOP
45538,1,car,2,4,28,0,26.606,0.73,0.204,YELLOW,True,28.0,,1,,STOP
45539,1,car,2,4,28,0,26.656,0.73,0.204,YELLOW,True,28.0,,1,,STOP
45540,1,car,2,4,28,0,26.705,0.73,0.204,YELLOW,True,28.0,,1,,STOP
45541,1,car,2,4,28,0,26.755,0.73,0.204,YELLOW,True,28.0,,1,,STOP
45542,1,car,2,4,28,0,26.806,0.73,0.204,YELLOW,True,28.0,,1,,STOP
45543,1,car,2,4,28,0,26.879,0.73,0.204,YELLOW,True,28.0,,1,,STOP
45544,1,car,2,4,28,0,26.929,0.73,0.204,YELLOW,True,28.0,,1,,STOP
45545,1,car,2,4,28,0,26.979,0.8,0.222,YELLOW,True,28.0,,1,,STOP
45546,1,car,2,4,28,0,27.032,0.8,0.222,YELLOW,True,28.0,,1,,STOP
45547,1,car,2,4,28,0,27.082,0.8,0.222,YELLOW,True,28.0,,1,,STOP
45548,1,car,2,4,28,0,27.13,0.8,0.222,YELLOW,True,28.0,,1,,STOP
45549,1,car,2,4,28,0,27.18,0.8,0.222,YELLOW,True,28.0,,1,,STOP
45550,1,car,2,4,28,0,27.23,0.8,0.222,YELLOW,True,28.0,,1,,STOP
45551,1,car,2,4,28,0,27.28,0.8,0.222,YELLOW,True,28.0,,1,,STOP
45552,1,car,2,4,28,0,27.33,0.8,0.222,YELLOW,True,28.0,,1,,STOP
45553,1,car,2,4,28,0,27.38,0.8,0.222,YELLOW,True,28.0,,1,,STOP
45554,1,car,2,4,28,0,27.429,0.8,0.222,YELLOW,True,28.0,,1,,STOP
45555,1,car,2,4,28,0,27.479,0.8,0.222,YELLOW,True,28.0,,1,,STOP
45556,1,car,2,4,28,0,27.529,0.8,0.222,YELLOW,True,28.0,,1,,STOP
45557,1,car,2,4,28,0,27.577,0.8,0.222,YELLOW,True,28.0,,1,,STOP
45558,1,car,2,4,28,0,27.627,0.8,0.222,YELLOW,True,28.0,,1,,STOP
45559,1,car,2,4,28,0,27.678,0.8,0.222,YELLOW,True,28.0,,1,,STOP
45560,1,car,2,4,28,0,27.727,0.8,0.222,YELLOW,True,28.0,,1,,STOP
45561,1,car,2,4,28,0,27.777,0.8,0.222,YELLOW,True,28.0,,1,,STOP
45562,1,car,2,4,28,0,27.827,0.8,0.222,YELLOW,True,28.0,,1,,STOP
45563,1,car,2,4,28,0,27.876,0.8,0.222,YELLOW,True,28.0,,1,,STOP
45564,1,car,2,4,28,0,27.926,0.8,0.222,YELLOW,True,28.0,,1,,STOP
45565,1,car,2,4,28,0,27.976,0.92,0.256,YELLOW,True,28.0,,1,,STOP
45566,1,car,2,4,28,0,28.028,0.92,0.256,YELLOW,True,28.0,,1,,STOP
45567,1,car,2,4,28,0,28.08,0.92,0.256,YELLOW,True,28.0,,1,,STOP
45568,1,car,2,4,28,0,28.13,0.92,0.256,YELLOW,True,28.0,,1,,STOP
45569,1,car,2,4,28,0,28.178,0.92,0.256,YELLOW,True,28.0,,1,,STOP
45570,1,car,2,4,28,0,28.228,0.92,0.256,YELLOW,True,28.0,,1,,STOP
45571,1,car,2,4,28,0,28.278,0.92,0.256,YELLOW,True,28.0,,1,,STOP
45572,1,car,2,4,28,0,28.327,0.92,0.256,YELLOW,True,28.0,,1,,STOP
45573,1,car,2,4,28,0,28.377,0.92,0.256,YELLOW,True,28.0,,1,,STOP
45574,1,car,2,4,28,0,28.427,0.92,0.256,YELLOW,True,28.0,,1,,STOP
45575,1,car,2,4,28,0,28.475,0.92,0.256,YELLOW,True,28.0,,1,,STOP
45576,1,car,2,4,28,0,28.525,0.92,0.256,YELLOW,True,28.0,,1,,STOP
45577,1,car,2,4,28,0,28.574,0.92,0.256,YELLOW,True,28.0,,1,,STOP
45578,1,car,2,4,28,0,28.624,0.92,0.256,YELLOW,True,28.0,,1,,STOP
45579,1,car,2,4,28,0,28.674,0.92,0.256,YELLOW,True,28.0,,1,,STOP
45580,1,car,2,4,28,0,28.722,0.92,0.256,YELLOW,True,28.0,,1,,STOP
45581,1,car,2,4,28,0,28.772,0.92,0.256,YELLOW,True,28.0,,1,,STOP
45582,1,car,2,4,28,0,28.822,0.92,0.256,YELLOW,True,28.0,,1,,STOP
45583,1,car,2,4,28,0,28.87,0.92,0.256,YELLOW,True,28.0,,1,,STOP
45584,1,car,2,4,28,0,28.943,0.48,0.133,YELLOW,True,28.0,,1,,STOP
45585,1,car,2,4,28,0,29.021,0.48,0.133,YELLOW,True,28.0,,1,,STOP
45586,1,car,2,4,28,0,29.069,0.48,0.133,YELLOW,True,28.0,,1,,STOP
45587,1,car,2,4,28,0,29.119,0.48,0.133,YELLOW,True,28.0,,1,,STOP
45588,1,car,2,4,28,0,29.169,0.48,0.133,YELLOW,True,28.0,,1,,STOP
45589,1,car,2,4,28,0,29.217,0.48,0.133,YELLOW,True,28.0,,1,,STOP
45590,1,car,2,4,28,0,29.267,0.48,0.133,YELLOW,True,28.0,,1,,STOP
45591,1,car,2,4,28,0,29.317,0.48,0.133,YELLOW,True,28.0,,1,,STOP
45592,1,car,2,4,28,0,29.365,0.48,0.133,YELLOW,True,28.0,,1,,STOP
45593,1,car,2,4,28,0,29.415,0.48,0.133,YELLOW,True,28.0,,1,,STOP
45594,1,car,2,4,28,0,29.465,0.48,0.133,YELLOW,True,28.0,,1,,STOP
45595,1,car,2,4,28,0,29.513,0.48,0.133,YELLOW,True,28.0,,1,,STOP
45596,1,car,2,4,28,0,29.563,0.48,0.133,YELLOW,True,28.0,,1,,STOP
45597,1,car,2,4,28,0,29.613,0.48,0.133,YELLOW,True,28.0,,1,,STOP
45598,1,car,2,4,28,0,29.661,0.48,0.133,YELLOW,True,28.0,,1,,STOP
45599,1,car,2,4,28,0,29.711,0.48,0.133,YELLOW,True,28.0,,1,,STOP
45600,1,car,2,4,28,0,29.761,0.48,0.133,YELLOW,True,28.0,,1,,STOP
45601,1,car,2,4,28,0,29.809,0.48,0.133,YELLOW,True,28.0,,1,,STOP
45602,1,car,2,4,28,0,29.859,0.48,0.133,YELLOW,True,28.0,,1,,STOP
45603,1,car,2,4,28,0,29.909,0.48,0.133,YELLOW,True,28.0,,1,,STOP
45604,1,car,2,4,28,0,29.958,0.77,0.215,YELLOW,True,28.0,,1,,STOP
45605,1,car,2,4,28,0,30.013,0.77,0.215,YELLOW,True,28.0,,1,,STOP
45606,1,car,2,4,28,0,30.063,0.77,0.215,YELLOW,True,28.0,,1,,STOP
45607,1,car,2,4,28,0,30.111,0.77,0.215,YELLOW,True,28.0,,1,,STOP
45608,1,car,2,4,28,0,30.161,0.77,0.215,YELLOW,True,28.0,,1,,STOP
45609,1,car,2,4,28,0,30.211,0.77,0.215,YELLOW,True,28.0,,1,,STOP
45610,1,car,2,4,28,0,30.259,0.77,0.215,YELLOW,True,28.0,,1,,STOP
45611,1,car,2,4,28,0,30.309,0.77,0.215,YELLOW,True,28.0,,1,,STOP
45612,1,car,2,4,28,0,30.362,0.77,0.215,YELLOW,True,28.0,,1,,STOP
45613,1,car,2,4,28,0,30.41,0.77,0.215,YELLOW,True,28.0,,1,,STOP
45614,1,car,2,4,28,0,30.46,0.77,0.215,YELLOW,True,28.0,,1,,STOP
45615,1,car,2,4,28,0,30.508,0.77,0.215,YELLOW,True,28.0,,1,,STOP
45616,1,car,2,4,28,0,30.558,0.77,0.215,YELLOW,True,28.0,,1,,STOP
45617,1,car,2,4,28,0,30.608,0.77,0.215,YELLOW,True,28.0,,1,,STOP
45618,1,car,2,4,28,0,30.656,0.77,0.215,YELLOW,True,28.0,,1,,STOP
45619,1,car,2,4,28,0,30.706,0.77,0.215,YELLOW,True,28.0,,1,,STOP
45620,1,car,2,4,28,0,30.757,0.77,0.215,YELLOW,True,28.0,,1,,STOP
45621,1,car,2,4,28,0,30.805,0.77,0.215,YELLOW,True,28.0,,1,,STOP
45622,1,car,2,4,28,0,30.855,0.77,0.215,YELLOW,True,28.0,,1,,STOP
45623,1,car,2,4,28,0,30.905,0.77,0.215,YELLOW,True,28.0,,1,,STOP
45624,1,car,2,4,28,0,30.953,0.36,0.099,YELLOW,True,28.0,,1,,STOP
45625,1,car,2,4,28,0,31.029,0.36,0.099,YELLOW,True,28.0,,1,,STOP
45626,1,car,2,4,28,0,31.079,0.36,0.099,YELLOW,True,28.0,,1,,STOP
45627,1,car,2,4,28,0,31.128,0.36,0.099,YELLOW,True,28.0,,1,,STOP
45628,1,car,2,4,28,0,31.178,0.36,0.099,YELLOW,True,28.0,,1,,STOP
45629,1,car,2,4,28,0,31.229,0.36,0.099,YELLOW,True,28.0,,1,,STOP
45630,1,car,2,4,28,0,31.279,0.36,0.099,YELLOW,True,28.0,,1,,STOP
45631,1,car,2,4,28,0,31.329,0.36,0.099,YELLOW,True,28.0,,1,,STOP
45632,1,car,2,4,28,0,31.378,0.36,0.099,YELLOW,True,28.0,,1,,STOP
45633,1,car,2,4,28,0,31.426,0.36,0.099,YELLOW,True,28.0,,1,,STOP
45634,1,car,2,4,28,0,31.476,0.36,0.099,YELLOW,True,28.0,,1,,STOP
45635,1,car,2,4,28,0,31.527,0.36,0.099,YELLOW,True,28.0,,1,,STOP
45636,1,car,2,4,28,0,31.575,0.36,0.099,YELLOW,True,28.0,,1,,STOP
45637,1,car,2,4,28,0,31.625,0.36,0.099,YELLOW,True,28.0,,1,,STOP
45638,1,car,2,4,28,0,31.675,0.36,0.099,YELLOW,True,28.0,,1,,STOP
45639,1,car,2,4,28,0,31.723,0.36,0.099,YELLOW,True,28.0,,1,,STOP
45640,1,car,2,4,28,0,31.773,0.36,0.099,YELLOW,True,28.0,,1,,STOP
45641,1,car,2,4,28,0,31.823,0.36,0.099,YELLOW,True,28.0,,1,,STOP
45642,1,car,2,4,28,0,31.871,0.36,0.099,YELLOW,True,28.0,,1,,STOP
45643,1,car,2,4,28,0,31.922,0.36,0.099,YELLOW,True,28.0,,1,,STOP
45644,1,car,2,4,28,0,31.972,0.09,0.026,YELLOW,True,28.0,,1,,STOP
45645,1,car,2,4,28,0,32.024,0.09,0.026,YELLOW,True,28.0,,1,,STOP
45646,1,car,2,4,28,0,32.075,0.09,0.026,YELLOW,True,28.0,,1,,STOP
45647,1,car,2,4,28,0,32.126,0.09,0.026,YELLOW,True,28.0,,1,,STOP
45648,1,car,2,4,28,0,32.175,0.09,0.026,YELLOW,True,28.0,,1,,STOP
45649,1,car,2,4,28,0,32.226,0.09,0.026,YELLOW,True,28.0,,1,,STOP
45650,1,car,2,4,28,0,32.279,0.09,0.026,YELLOW,True,28.0,,1,,STOP
45651,1,car,2,4,28,0,32.328,0.09,0.026,YELLOW,True,28.0,,1,,STOP
45652,1,car,2,4,28,0,32.378,0.09,0.026,YELLOW,True,28.0,,1,,STOP
45653,1,car,2,4,28,0,32.427,0.09,0.026,YELLOW,True,28.0,,1,,STOP
45654,1,car,2,4,28,0,32.477,0.09,0.026,YELLOW,True,28.0,,1,,STOP
45655,1,car,2,4,28,0,32.527,0.09,0.026,YELLOW,True,28.0,,1,,STOP
45656,1,car,2,4,28,0,32.575,0.09,0.026,YELLOW,True,28.0,,1,,STOP
45657,1,car,2,4,28,0,32.625,0.09,0.026,YELLOW,True,28.0,,1,,STOP
45658,1,car,2,4,28,0,32.676,0.09,0.026,YELLOW,True,28.0,,1,,STOP
45659,1,car,2,4,28,0,32.725,0.09,0.026,YELLOW,True,28.0,,1,,STOP
45660,1,car,2,4,28,0,32.775,0.09,0.026,YELLOW,True,28.0,,1,,STOP
45661,1,car,2,4,28,0,32.825,0.09,0.026,YELLOW,True,28.0,,1,,STOP
45662,1,car,2,4,28,0,32.874,0.09,0.026,YELLOW,True,28.0,,1,,STOP
45663,1,car,2,4,28,0,32.924,0.09,0.026,YELLOW,True,28.0,,1,,STOP
45664,1,car,2,4,28,0,32.974,1.75,0.485,YELLOW,True,28.0,,1,,STOP
45665,1,car,2,4,28,0,33.049,1.75,0.485,YELLOW,True,28.0,,1,,STOP
45666,1,car,2,4,28,0,33.099,1.75,0.485,YELLOW,True,28.0,,1,,STOP
45667,1,car,2,4,28,0,33.149,1.75,0.485,YELLOW,True,28.0,,1,,STOP
45668,1,car,2,4,28,0,33.199,1.75,0.485,YELLOW,True,28.0,,1,,STOP
45669,1,car,2,4,28,0,33.249,1.75,0.485,YELLOW,True,28.0,,1,,STOP
45670,1,car,2,4,28,0,33.299,1.75,0.485,YELLOW,True,28.0,,1,,STOP
45671,1,car,2,4,28,0,33.347,1.75,0.485,YELLOW,True,28.0,,1,,STOP
45672,1,car,2,4,28,0,33.397,1.75,0.485,YELLOW,True,28.0,,1,,STOP
45673,1,car,2,4,28,0,33.447,1.75,0.485,YELLOW,True,28.0,,1,,STOP
45674,1,car,2,4,28,0,33.496,1.75,0.485,YELLOW,True,28.0,,1,,STOP
45675,1,car,2,4,28,0,33.546,1.75,0.485,YELLOW,True,28.0,,1,,STOP
45676,1,car,2,4,28,0,33.596,1.75,0.485,YELLOW,True,28.0,,1,,STOP
45677,1,car,2,4,28,0,33.644,1.75,0.485,YELLOW,True,28.0,,1,,STOP
45678,1,car,2,4,28,0,33.694,1.75,0.485,YELLOW,True,28.0,,1,,STOP
45679,1,car,2,4,28,0,33.752,1.75,0.485,YELLOW,True,28.0,,1,,STOP
45680,1,car,2,4,28,0,33.8,1.75,0.485,YELLOW,True,28.0,,1,,STOP
45681,1,car,2,4,28,0,33.849,1.75,0.485,YELLOW,True,28.0,,1,,STOP
45682,1,car,2,4,28,0,33.899,1.75,0.485,YELLOW,True,28.0,,1,,STOP
45683,1,car,2,4,28,0,33.947,1.75,0.487,YELLOW,True,28.0,,1,,STOP
45684,1,car,2,4,28,0,34.018,1.75,0.487,YELLOW,True,28.0,,1,,STOP
45685,1,car,2,4,28,0,34.069,1.75,0.487,YELLOW,True,28.0,,1,,STOP
45686,1,car,2,4,28,0,34.117,1.75,0.487,YELLOW,True,28.0,,1,,STOP
45687,1,car,2,4,28,0,34.167,1.75,0.487,YELLOW,True,28.0,,1,,STOP
45688,1,car,2,4,28,0,34.215,1.75,0.487,YELLOW,True,28.0,,1,,STOP
45689,1,car,2,4,28,0,34.265,1.75,0.487,YELLOW,True,28.0,,1,,STOP
45690,1,car,2,4,28,0,34.316,1.75,0.487,YELLOW,True,28.0,,1,,STOP
45691,1,car,2,4,28,0,34.364,1.75,0.487,YELLOW,True,28.0,,1,,STOP
45692,1,car,2,4,28,0,34.414,1.75,0.487,YELLOW,True,28.0,,1,,STOP
45693,1,car,2,4,28,0,34.464,1.75,0.487,YELLOW,True,28.0,,1,,STOP
45694,1,car,2,4,28,0,34.512,1.75,0.487,YELLOW,True,28.0,,1,,STOP
45695,1,car,2,4,28,0,34.562,1.75,0.487,YELLOW,True,28.0,,1,,STOP
45696,1,car,2,4,28,0,34.612,1.75,0.487,YELLOW,True,28.0,,1,,STOP
45697,1,car,2,4,28,0,34.66,1.75,0.487,YELLOW,True,28.0,,1,,STOP
45698,1,car,2,4,28,0,34.71,1.75,0.487,YELLOW,True,28.0,,1,,STOP
45699,1,car,2,4,28,0,34.76,1.75,0.487,YELLOW,True,28.0,,1,,STOP
45700,1,car,2,4,28,0,34.808,1.75,0.487,YELLOW,True,28.0,,1,,STOP
45701,1,car,2,4,28,0,34.858,1.75,0.487,YELLOW,True,28.0,,1,,STOP
45702,1,car,2,4,28,0,34.908,1.75,0.487,YELLOW,True,28.0,,1,,STOP
45703,1,car,2,4,28,0,34.958,1.2,0.332,YELLOW,True,28.0,,1,,STOP
45704,1,car,2,4,28,0,35.023,1.2,0.332,YELLOW,True,28.0,,1,,STOP
45705,1,car,2,4,28,0,35.095,1.2,0.332,YELLOW,True,28.0,,1,,STOP
45706,1,car,2,4,28,0,35.143,1.2,0.332,YELLOW,True,28.0,,1,,STOP
45707,1,car,2,4,28,0,35.194,1.2,0.332,YELLOW,True,28.0,,1,,STOP
45708,1,car,2,4,28,0,35.244,1.2,0.332,YELLOW,True,28.0,,1,,STOP
45709,1,car,2,4,28,0,35.293,1.2,0.332,YELLOW,True,28.0,,1,,STOP
45710,1,car,2,4,28,0,35.343,1.2,0.332,YELLOW,True,28.0,,1,,STOP
45711,1,car,2,4,28,0,35.393,1.2,0.332,YELLOW,True,28.0,,1,,STOP
45712,1,car,2,4,28,0,35.441,1.2,0.332,YELLOW,True,28.0,,1,,STOP
45713,1,car,2,4,28,0,35.491,1.2,0.332,YELLOW,True,28.0,,1,,STOP
45714,1,car,2,4,28,0,35.54,1.2,0.332,YELLOW,True,28.0,,1,,STOP
45715,1,car,2,4,28,0,35.59,1.2,0.332,YELLOW,True,28.0,,1,,STOP
45716,1,car,2,4,28,0,35.64,1.2,0.332,YELLOW,True,28.0,,1,,STOP
45717,1,car,2,4,28,0,35.69,1.2,0.332,YELLOW,True,28.0,,1,,STOP
45718,1,car,2,4,28,0,35.738,1.2,0.332,YELLOW,True,28.0,,1,,STOP
45719,1,car,2,4,28,0,35.788,1.2,0.332,YELLOW,True,28.0,,1,,STOP
45720,1,car,2,4,28,0,35.838,1.2,0.332,YELLOW,True,28.0,,1,,STOP
45721,1,car,2,4,28,0,35.887,1.2,0.332,YELLOW,True,28.0,,1,,STOP
45722,1,car,2,4,28,0,35.937,1.02,0.284,YELLOW,True,28.0,,1,,STOP
45723,1,car,2,4,28,0,36.014,1.02,0.284,YELLOW,True,28.0,,1,,STOP
45724,1,car,2,4,28,0,36.063,1.02,0.284,YELLOW,True,28.0,,1,,STOP
45725,1,car,2,4,28,0,36.115,1.02,0.284,YELLOW,True,28.0,,1,,STOP
45726,1,car,2,4,28,0,36.165,1.02,0.284,YELLOW,True,28.0,,1,,STOP
45727,1,car,2,4,28,0,36.213,1.02,0.284,YELLOW,True,28.0,,1,,STOP
45728,1,car,2,4,28,0,36.263,1.02,0.284,YELLOW,True,28.0,,1,,STOP
45729,1,car,2,4,28,0,36.311,1.02,0.284,YELLOW,True,28.0,,1,,STOP
45730,1,car,2,4,28,0,36.361,1.02,0.284,YELLOW,True,28.0,,1,,STOP
45731,1,car,2,4,28,0,36.411,1.02,0.284,YELLOW,True,28.0,,1,,STOP
45732,1,car,2,4,28,0,36.459,1.02,0.284,YELLOW,True,28.0,,1,,STOP
45733,1,car,2,4,28,0,36.51,1.02,0.284,YELLOW,True,28.0,,1,,STOP
45734,1,car,2,4,28,0,36.56,1.02,0.284,YELLOW,True,28.0,,1,,STOP
45735,1,car,2,4,28,0,36.608,1.02,0.284,YELLOW,True,28.0,,1,,STOP
45736,1,car,2,4,28,0,36.658,1.02,0.284,YELLOW,True,28.0,,1,,STOP
45737,1,car,2,4,28,0,36.708,1.02,0.284,YELLOW,True,28.0,,1,,STOP
45738,1,car,2,4,28,0,36.757,1.02,0.284,YELLOW,True,28.0,,1,,STOP
45739,1,car,2,4,28,0,36.807,1.02,0.284,YELLOW,True,28.0,,1,,STOP
45740,1,car,2,4,28,0,36.857,1.02,0.284,YELLOW,True,28.0,,1,,STOP
45741,1,car,2,4,28,0,36.906,1.02,0.284,YELLOW,True,28.0,,1,,STOP
45742,1,car,2,4,28,0,36.956,1.0,0.277,YELLOW,True,28.0,,1,,STOP
45743,1,car,2,4,28,0,37.022,1.0,0.277,YELLOW,True,28.0,,1,,STOP
45744,1,car,2,4,28,0,37.071,1.0,0.277,YELLOW,True,28.0,,1,,STOP
45745,1,car,2,4,28,0,37.145,1.0,0.277,YELLOW,True,28.0,,1,,STOP
45746,1,car,2,4,28,0,37.195,1.0,0.277,YELLOW,True,28.0,,1,,STOP
45747,1,car,2,4,28,0,37.244,1.0,0.277,YELLOW,True,28.0,,1,,STOP
45748,1,car,2,4,28,0,37.294,1.0,0.277,YELLOW,True,28.0,,1,,STOP
45749,1,car,2,4,28,0,37.344,1.0,0.277,YELLOW,True,28.0,,1,,STOP
45750,1,car,2,4,28,0,37.394,1.0,0.277,YELLOW,True,28.0,,1,,STOP
45751,1,car,2,4,28,0,37.444,1.0,0.277,YELLOW,True,28.0,,1,,STOP
45752,1,car,2,4,28,0,37.494,1.0,0.277,YELLOW,True,28.0,,1,,STOP
45753,1,car,2,4,28,0,37.542,1.0,0.277,YELLOW,True,28.0,,1,,STOP
45754,1,car,2,4,28,0,37.592,1.0,0.277,YELLOW,True,28.0,,1,,STOP
45755,1,car,2,4,28,0,37.642,1.0,0.277,YELLOW,True,28.0,,1,,STOP
45756,1,car,2,4,28,0,37.691,1.0,0.277,YELLOW,True,28.0,,1,,STOP
45757,1,car,2,4,28,0,37.741,1.0,0.277,YELLOW,True,28.0,,1,,STOP
45758,1,car,2,4,28,0,37.794,1.0,0.277,YELLOW,True,28.0,,1,,STOP
45759,1,car,2,4,28,0,37.842,1.0,0.277,YELLOW,True,28.0,,1,,STOP
45760,1,car,2,4,28,0,37.892,1.0,0.277,YELLOW,True,28.0,,1,,STOP
45761,1,car,2,4,28,0,37.942,1.61,0.446,YELLOW,True,28.0,,1,,STOP
45762,1,car,2,4,28,0,38.017,1.61,0.446,YELLOW,True,28.0,,1,,STOP
45763,1,car,2,4,28,0,38.067,1.61,0.446,YELLOW,True,28.0,,1,,STOP
45764,1,car,2,4,28,0,38.117,1.61,0.446,YELLOW,True,28.0,,1,,STOP
45765,1,car,2,4,28,0,38.166,1.61,0.446,YELLOW,True,28.0,,1,,STOP
45766,1,car,2,4,28,0,38.216,1.61,0.446,YELLOW,True,28.0,,1,,STOP
45767,1,car,2,4,28,0,38.266,1.61,0.446,YELLOW,True,28.0,,1,,STOP
45768,1,car,2,4,28,0,38.315,1.61,0.446,YELLOW,True,28.0,,1,,STOP
45769,1,car,2,4,28,0,38.365,1.61,0.446,YELLOW,True,28.0,,1,,STOP
45770,1,car,2,4,28,0,38.415,1.61,0.446,YELLOW,True,28.0,,1,,STOP
45771,1,car,2,4,28,0,38.464,1.61,0.446,YELLOW,True,28.0,,1,,STOP
45772,1,car,2,4,28,0,38.514,1.61,0.446,YELLOW,True,28.0,,1,,STOP
45773,1,car,2,4,28,0,38.563,1.61,0.446,YELLOW,True,28.0,,1,,STOP
45774,1,car,2,4,28,0,38.613,1.61,0.446,YELLOW,True,28.0,,1,,STOP
45775,1,car,2,4,28,0,38.663,1.61,0.446,YELLOW,True,28.0,,1,,STOP
45776,1,car,2,4,28,0,38.711,1.61,0.446,YELLOW,True,28.0,,1,,STOP
45777,1,car,2,4,28,0,38.761,1.61,0.446,YELLOW,True,28.0,,1,,STOP
45778,1,car,2,4,28,0,38.81,1.61,0.446,YELLOW,True,28.0,,1,,STOP
45779,1,car,2,4,28,0,38.858,1.61,0.446,YELLOW,True,28.0,,1,,STOP
45780,1,car,2,4,28,0,38.908,1.61,0.446,YELLOW,True,28.0,,1,,STOP
45781,1,car,2,4,28,0,38.958,1.59,0.441,YELLOW,True,28.0,,1,,STOP
45782,1,car,2,4,28,0,39.01,1.59,0.441,YELLOW,True,28.0,,1,,STOP
45783,1,car,2,4,28,0,39.06,1.59,0.441,YELLOW,True,28.0,,1,,STOP
45784,1,car,2,4,28,0,39.11,1.59,0.441,YELLOW,True,28.0,,1,,STOP
45785,1,car,2,4,28,0,39.159,1.59,0.441,YELLOW,True,28.0,,1,,STOP
45786,1,car,2,4,28,0,39.232,1.59,0.441,YELLOW,True,28.0,,1,,STOP
45787,1,car,2,4,28,0,39.282,1.59,0.441,YELLOW,True,28.0,,1,,STOP
45788,1,car,2,4,28,0,39.331,1.59,0.441,YELLOW,True,28.0,,1,,STOP
45789,1,car,2,4,28,0,39.381,1.59,0.441,YELLOW,True,28.0,,1,,STOP
45790,1,car,2,4,28,0,39.433,1.59,0.441,YELLOW,True,28.0,,1,,STOP
45791,1,car,2,4,28,0,39.482,1.59,0.441,YELLOW,True,28.0,,1,,STOP
45792,1,car,2,4,28,0,39.532,1.59,0.441,YELLOW,True,28.0,,1,,STOP
45793,1,car,2,4,28,0,39.583,1.59,0.441,YELLOW,True,28.0,,1,,STOP
45794,1,car,2,4,28,0,39.632,1.59,0.441,YELLOW,True,28.0,,1,,STOP
45795,1,car,2,4,28,0,39.682,1.59,0.441,YELLOW,True,28.0,,1,,STOP
45796,1,car,2,4,28,0,39.732,1.59,0.441,YELLOW,True,28.0,,1,,STOP
45797,1,car,2,4,28,0,39.781,1.59,0.441,YELLOW,True,28.0,,1,,STOP
45798,1,car,2,4,28,0,39.832,1.59,0.441,YELLOW,True,28.0,,1,,STOP
45799,1,car,2,4,28,0,39.882,1.59,0.441,YELLOW,True,28.0,,1,,STOP
45800,1,car,2,4,28,0,39.931,1.59,0.441,YELLOW,True,28.0,,1,,STOP
45801,1,car,2,4,28,0,40.003,1.59,0.441,YELLOW,True,28.0,,1,,STOP
45802,1,car,2,4,28,0,40.053,1.59,0.441,YELLOW,True,28.0,,1,,STOP
45803,1,car,2,4,28,0,40.101,1.59,0.441,YELLOW,True,28.0,,1,,STOP
45804,1,car,2,4,28,0,40.151,1.59,0.441,YELLOW,True,28.0,,1,,STOP
45805,1,car,2,4,28,0,40.201,1.59,0.441,YELLOW,True,28.0,,1,,STOP
45806,1,car,2,4,28,0,40.25,1.59,0.441,YELLOW,True,28.0,,1,,STOP
45807,1,car,2,4,28,0,40.3,1.59,0.441,YELLOW,True,28.0,,1,,STOP
45808,1,car,2,4,28,0,40.352,1.59,0.441,YELLOW,True,28.0,,1,,STOP
45809,1,car,2,4,28,0,40.401,1.59,0.441,YELLOW,True,28.0,,1,,STOP
45810,1,car,2,4,28,0,40.451,1.59,0.441,YELLOW,True,28.0,,1,,STOP
45811,1,car,2,4,28,0,40.5,1.59,0.441,YELLOW,True,28.0,,1,,STOP
45812,1,car,2,4,28,0,40.55,1.59,0.441,YELLOW,True,28.0,,1,,STOP
45813,1,car,2,4,28,0,40.601,1.59,0.441,YELLOW,True,28.0,,1,,STOP
45814,1,car,2,4,28,0,40.65,1.59,0.441,YELLOW,True,28.0,,1,,STOP
45815,1,car,2,4,28,0,40.7,1.59,0.441,YELLOW,True,28.0,,1,,STOP
45816,1,car,2,4,28,0,40.75,1.59,0.441,YELLOW,True,28.0,,1,,STOP
45817,1,car,2,4,28,0,40.799,1.59,0.441,YELLOW,True,28.0,,1,,STOP
45818,1,car,2,4,28,0,40.849,1.59,0.441,YELLOW,True,28.0,,1,,STOP
45819,1,car,2,4,28,0,40.899,1.59,0.441,YELLOW,True,28.0,,1,,STOP
45820,1,car,2,4,28,0,40.948,1.74,0.482,YELLOW,True,28.0,,1,,STOP
45821,1,car,2,4,28,0,41.011,1.74,0.482,YELLOW,True,28.0,,1,,STOP
45822,1,car,2,4,28,0,41.061,1.74,0.482,YELLOW,True,28.0,,1,,STOP
45823,1,car,2,4,28,0,41.11,1.74,0.482,YELLOW,True,28.0,,1,,STOP
45824,1,car,2,4,28,0,41.16,1.74,0.482,YELLOW,True,28.0,,1,,STOP
45825,1,car,2,4,28,0,41.209,1.74,0.482,YELLOW,True,28.0,,1,,STOP
45826,1,car,2,4,28,0,41.28,1.74,0.482,YELLOW,True,28.0,,1,,STOP
45827,1,car,2,4,28,0,41.33,1.74,0.482,YELLOW,True,28.0,,1,,STOP
45828,1,car,2,4,28,0,41.38,1.74,0.482,YELLOW,True,28.0,,1,,STOP
45829,1,car,2,4,28,0,41.428,1.74,0.482,YELLOW,True,28.0,,1,,STOP
45830,1,car,2,4,28,0,41.478,1.74,0.482,YELLOW,True,28.0,,1,,STOP
45831,1,car,2,4,28,0,41.528,1.74,0.482,YELLOW,True,28.0,,1,,STOP
45832,1,car,2,4,28,0,41.576,1.74,0.482,YELLOW,True,28.0,,1,,STOP
45833,1,car,2,4,28,0,41.628,1.74,0.482,YELLOW,True,28.0,,1,,STOP
45834,1,car,2,4,28,0,41.685,1.74,0.482,YELLOW,True,28.0,,1,,STOP
45835,1,car,2,4,28,0,41.745,1.74,0.482,YELLOW,True,28.0,,1,,STOP
45836,1,car,2,4,28,0,41.797,1.74,0.482,YELLOW,True,28.0,,1,,STOP
45837,1,car,2,4,28,0,41.847,1.74,0.482,YELLOW,True,28.0,,1,,STOP
45838,1,car,2,4,28,0,41.895,1.74,0.482,YELLOW,True,28.0,,1,,STOP
45839,1,car,2,4,28,0,41.945,1.79,0.496,YELLOW,True,28.0,,1,,STOP
45840,1,car,2,4,28,0,41.995,1.79,0.496,YELLOW,True,28.0,,1,,STOP
45841,1,car,2,4,28,0,42.043,1.79,0.496,YELLOW,True,28.0,,1,,STOP
45842,1,car,2,4,28,0,42.093,1.79,0.496,YELLOW,True,28.0,,1,,STOP
45843,1,car,2,4,28,0,42.143,1.79,0.496,YELLOW,True,28.0,,1,,STOP
45844,1,car,2,4,28,0,42.191,1.79,0.496,YELLOW,True,28.0,,1,,STOP
45845,1,car,2,4,28,0,42.24,1.79,0.496,YELLOW,True,28.0,,1,,STOP
45846,1,car,2,4,28,0,42.288,1.79,0.496,YELLOW,True,28.0,,1,,STOP
45847,1,car,2,4,28,0,42.337,1.79,0.496,YELLOW,True,28.0,,1,,STOP
45848,1,car,2,4,28,0,42.389,1.79,0.496,YELLOW,True,28.0,,1,,STOP
45849,1,car,2,4,28,0,42.437,1.79,0.496,YELLOW,True,28.0,,1,,STOP
45850,1,car,2,4,28,0,42.487,1.79,0.496,YELLOW,True,28.0,,1,,STOP
45851,1,car,2,4,28,0,42.537,1.79,0.496,YELLOW,True,28.0,,1,,STOP
45852,1,car,2,4,28,0,42.585,1.79,0.496,YELLOW,True,28.0,,1,,STOP
45853,1,car,2,4,28,0,42.635,1.79,0.496,YELLOW,True,28.0,,1,,STOP
45854,1,car,2,4,28,0,42.685,1.79,0.496,YELLOW,True,28.0,,1,,STOP
45855,1,car,2,4,28,0,42.733,1.79,0.496,YELLOW,True,28.0,,1,,STOP
45856,1,car,2,4,28,0,42.784,1.79,0.496,YELLOW,True,28.0,,1,,STOP
45857,1,car,2,4,28,0,42.834,1.79,0.496,YELLOW,True,28.0,,1,,STOP
45858,1,car,2,4,28,0,42.882,1.79,0.496,YELLOW,True,28.0,,1,,STOP
45859,1,car,2,4,28,0,42.932,2.24,0.621,YELLOW,True,28.0,,1,,STOP
45860,1,car,2,4,28,0,42.982,2.24,0.621,YELLOW,True,28.0,,1,,STOP
45861,1,car,2,4,28,0,43.031,2.24,0.621,YELLOW,True,28.0,,1,,STOP
45862,1,car,2,4,28,0,43.081,2.24,0.621,YELLOW,True,28.0,,1,,STOP
45863,1,car,2,4,28,0,43.131,2.24,0.621,YELLOW,True,28.0,,1,,STOP
45864,1,car,2,4,28,0,43.18,2.24,0.621,YELLOW,True,28.0,,1,,STOP
45865,1,car,2,4,28,0,43.23,2.24,0.621,YELLOW,True,28.0,,1,,STOP
45866,1,car,2,4,28,0,43.28,2.24,0.621,YELLOW,True,28.0,,1,,STOP
45867,1,car,2,4,28,0,43.351,2.24,0.621,YELLOW,True,28.0,,1,,STOP
45868,1,car,2,4,28,0,43.401,2.24,0.621,YELLOW,True,28.0,,1,,STOP
45869,1,car,2,4,28,0,43.451,2.24,0.621,YELLOW,True,28.0,,1,,STOP
45870,1,car,2,4,28,0,43.499,2.24,0.621,YELLOW,True,28.0,,1,,STOP
45871,1,car,2,4,28,0,43.55,2.24,0.621,YELLOW,True,28.0,,1,,STOP
45872,1,car,2,4,28,0,43.6,2.24,0.621,YELLOW,True,28.0,,1,,STOP
45873,1,car,2,4,28,0,43.648,2.24,0.621,YELLOW,True,28.0,,1,,STOP
45874,1,car,2,4,28,0,43.698,2.24,0.621,YELLOW,True,28.0,,1,,STOP
45875,1,car,2,4,28,0,43.748,2.24,0.621,YELLOW,True,28.0,,1,,STOP
45876,1,car,2,4,28,0,43.797,2.24,0.621,YELLOW,True,28.0,,1,,STOP
45877,1,car,2,4,28,0,43.847,2.24,0.621,YELLOW,True,28.0,,1,,STOP
45878,1,car,2,4,28,0,43.897,2.24,0.621,YELLOW,True,28.0,,1,,STOP
45879,1,car,2,4,28,0,43.946,1.71,0.474,YELLOW,True,28.0,,1,,STOP
45880,1,car,2,4,28,0,43.996,1.71,0.474,YELLOW,True,28.0,,1,,STOP
45881,1,car,2,4,28,0,44.045,1.71,0.474,YELLOW,True,28.0,,1,,STOP
45882,1,car,2,4,28,0,44.095,1.71,0.474,YELLOW,True,28.0,,1,,STOP
45883,1,car,2,4,28,0,44.146,1.71,0.474,YELLOW,True,28.0,,1,,STOP
45884,1,car,2,4,28,0,44.195,1.71,0.474,YELLOW,True,28.0,,1,,STOP
45885,1,car,2,4,28,0,44.245,1.71,0.474,YELLOW,True,28.0,,1,,STOP
45886,1,car,2,4,28,0,44.295,1.71,0.474,YELLOW,True,28.0,,1,,STOP
45887,1,car,2,4,28,0,44.344,1.71,0.474,YELLOW,True,28.0,,1,,STOP
45888,1,car,2,4,28,0,44.394,1.71,0.474,YELLOW,True,28.0,,1,,STOP
45889,1,car,2,4,28,0,44.444,1.71,0.474,YELLOW,True,28.0,,1,,STOP
45890,1,car,2,4,28,0,44.493,1.71,0.474,YELLOW,True,28.0,,1,,STOP
45891,1,car,2,4,28,0,44.546,1.71,0.474,YELLOW,True,28.0,,1,,STOP
45892,1,car,2,4,28,0,44.596,1.71,0.474,YELLOW,True,28.0,,1,,STOP
45893,1,car,2,4,28,0,44.645,1.71,0.474,YELLOW,True,28.0,,1,,STOP
45894,1,car,2,4,28,0,44.695,1.71,0.474,YELLOW,True,28.0,,1,,STOP
45895,1,car,2,4,28,0,44.746,1.71,0.474,YELLOW,True,28.0,,1,,STOP
45896,1,car,2,4,28,0,44.795,1.71,0.474,YELLOW,True,28.0,,1,,STOP
45897,1,car,2,4,28,0,44.845,1.71,0.474,YELLOW,True,28.0,,1,,STOP
45898,1,car,2,4,28,0,44.895,1.71,0.474,YELLOW,True,28.0,,1,,STOP
45899,1,car,2,4,28,0,44.946,0.65,0.18,YELLOW,True,28.0,,1,,STOP
45900,1,car,2,4,28,0,44.996,0.65,0.18,YELLOW,True,28.0,,1,,STOP
45901,1,car,2,4,28,0,45.046,0.65,0.18,YELLOW,True,28.0,,1,,STOP
45902,1,car,2,4,28,0,45.094,0.65,0.18,YELLOW,True,28.0,,1,,STOP
45903,1,car,2,4,28,0,45.144,0.65,0.18,YELLOW,True,28.0,,1,,STOP
45904,1,car,2,4,28,0,45.195,0.65,0.18,YELLOW,True,28.0,,1,,STOP
45905,1,car,2,4,28,0,45.243,0.65,0.18,YELLOW,True,28.0,,1,,STOP
45906,1,car,2,4,28,0,45.293,0.65,0.18,YELLOW,True,28.0,,1,,STOP
45907,1,car,2,4,28,0,45.344,0.65,0.18,YELLOW,True,28.0,,1,,STOP
45908,1,car,2,4,28,0,45.415,0.65,0.18,YELLOW,True,28.0,,1,,STOP
45909,1,car,2,4,28,0,45.466,0.65,0.18,YELLOW,True,28.0,,1,,STOP
45910,1,car,2,4,28,0,45.516,0.65,0.18,YELLOW,True,28.0,,1,,STOP
45911,1,car,2,4,28,0,45.564,0.65,0.18,YELLOW,True,28.0,,1,,STOP
45912,1,car,2,4,28,0,45.614,0.65,0.18,YELLOW,True,28.0,,1,,STOP
45913,1,car,2,4,28,0,45.664,0.65,0.18,YELLOW,True,28.0,,1,,STOP
45914,1,car,2,4,28,0,45.713,0.65,0.18,YELLOW,True,28.0,,1,,STOP
45915,1,car,2,4,28,0,45.763,0.65,0.18,YELLOW,True,28.0,,1,,STOP
45916,1,car,2,4,28,0,45.813,0.65,0.18,YELLOW,True,28.0,,1,,STOP
45917,1,car,2,4,28,0,45.862,0.65,0.18,YELLOW,True,28.0,,1,,STOP
45918,1,car,2,4,28,0,45.912,0.65,0.18,YELLOW,True,28.0,,1,,STOP
45919,1,car,2,4,28,0,45.961,0.36,0.099,YELLOW,True,28.0,,1,,STOP
45920,1,car,2,4,28,0,46.011,0.36,0.099,YELLOW,True,28.0,,1,,STOP
45921,1,car,2,4,28,0,46.061,0.36,0.099,YELLOW,True,28.0,,1,,STOP
45922,1,car,2,4,28,0,46.109,0.36,0.099,YELLOW,True,28.0,,1,,STOP
45923,1,car,2,4,28,0,46.159,0.36,0.099,YELLOW,True,28.0,,1,,STOP
45924,1,car,2,4,28,0,46.209,0.36,0.099,YELLOW,True,28.0,,1,,STOP
45925,1,car,2,4,28,0,46.258,0.36,0.099,YELLOW,True,28.0,,1,,STOP
45926,1,car,2,4,28,0,46.308,0.36,0.099,YELLOW,True,28.0,,1,,STOP
45927,1,car,2,4,28,0,46.358,0.36,0.099,YELLOW,True,28.0,,1,,STOP
45928,1,car,2,4,28,0,46.407,0.36,0.099,YELLOW,True,28.0,,1,,STOP
45929,1,car,2,4,28,0,46.458,0.36,0.099,YELLOW,True,28.0,,1,,STOP
45930,1,car,2,4,28,0,46.508,0.36,0.099,YELLOW,True,28.0,,1,,STOP
45931,1,car,2,4,28,0,46.557,0.36,0.099,YELLOW,True,28.0,,1,,STOP
45932,1,car,2,4,28,0,46.607,0.36,0.099,YELLOW,True,28.0,,1,,STOP
45933,1,car,2,4,28,0,46.657,0.36,0.099,YELLOW,True,28.0,,1,,STOP
45934,1,car,2,4,28,0,46.706,0.36,0.099,YELLOW,True,28.0,,1,,STOP
45935,1,car,2,4,28,0,46.756,0.36,0.099,YELLOW,True,28.0,,1,,STOP
45936,1,car,2,4,28,0,46.806,0.36,0.099,YELLOW,True,28.0,,1,,STOP
45937,1,car,2,4,28,0,46.855,0.36,0.099,YELLOW,True,28.0,,1,,STOP
45938,1,car,2,4,28,0,46.905,0.36,0.099,YELLOW,True,28.0,,1,,STOP
45939,1,car,2,4,28,0,46.955,0.23,0.064,YELLOW,True,28.0,,1,,STOP
45940,1,car,2,4,28,0,47.003,0.23,0.064,YELLOW,True,28.0,,1,,STOP
45941,1,car,2,4,28,0,47.053,0.23,0.064,YELLOW,True,28.0,,1,,STOP
45942,1,car,2,4,28,0,47.105,0.23,0.064,YELLOW,True,28.0,,1,,STOP
45943,1,car,2,4,28,0,47.154,0.23,0.064,YELLOW,True,28.0,,1,,STOP
45944,1,car,2,4,28,0,47.204,0.23,0.064,YELLOW,True,28.0,,1,,STOP
45945,1,car,2,4,28,0,47.254,0.23,0.064,YELLOW,True,28.0,,1,,STOP
45946,1,car,2,4,28,0,47.302,0.23,0.064,YELLOW,True,28.0,,1,,STOP
45947,1,car,2,4,28,0,47.352,0.23,0.064,YELLOW,True,28.0,,1,,STOP
45948,1,car,2,4,28,0,47.402,0.23,0.064,YELLOW,True,28.0,,1,,STOP
45949,1,car,2,4,28,0,47.473,0.23,0.064,YELLOW,True,28.0,,1,,STOP
45950,1,car,2,4,28,0,47.523,0.23,0.064,YELLOW,True,28.0,,1,,STOP
45951,1,car,2,4,28,0,47.573,0.23,0.064,YELLOW,True,28.0,,1,,STOP
45952,1,car,2,4,28,0,47.624,0.23,0.064,YELLOW,True,28.0,,1,,STOP
45953,1,car,2,4,28,0,47.674,0.23,0.064,YELLOW,True,28.0,,1,,STOP
45954,1,car,2,4,28,0,47.724,0.23,0.064,YELLOW,True,28.0,,1,,STOP
45955,1,car,2,4,28,0,47.773,0.23,0.064,YELLOW,True,28.0,,1,,STOP
45956,1,car,2,4,28,0,47.823,0.23,0.064,YELLOW,True,28.0,,1,,STOP
45957,1,car,2,4,28,0,47.873,0.23,0.064,YELLOW,True,28.0,,1,,STOP
45958,1,car,2,4,28,0,47.922,0.23,0.064,YELLOW,True,28.0,,1,,STOP
45959,1,car,2,4,28,0,47.972,0.23,0.065,YELLOW,True,28.0,,1,,STOP
45960,1,car,2,4,28,0,48.022,0.23,0.065,YELLOW,True,28.0,,1,,STOP
45961,1,car,2,4,28,0,48.072,0.23,0.065,YELLOW,True,28.0,,1,,STOP
45962,1,car,2,4,28,0,48.122,0.23,0.065,YELLOW,True,28.0,,1,,STOP
45963,1,car,2,4,28,0,48.17,0.23,0.065,YELLOW,True,28.0,,1,,STOP
45964,1,car,2,4,28,0,48.22,0.23,0.065,YELLOW,True,28.0,,1,,STOP
45965,1,car,2,4,28,0,48.271,0.23,0.065,YELLOW,True,28.0,,1,,STOP
45966,1,car,2,4,28,0,48.319,0.23,0.065,YELLOW,True,28.0,,1,,STOP
45967,1,car,2,4,28,0,48.368,0.23,0.065,YELLOW,True,28.0,,1,,STOP
45968,1,car,2,4,28,0,48.418,0.23,0.065,YELLOW,True,28.0,,1,,STOP
45969,1,car,2,4,28,0,48.466,0.23,0.065,YELLOW,True,28.0,,1,,STOP
45970,1,car,2,4,28,0,48.516,0.23,0.065,YELLOW,True,28.0,,1,,STOP
45971,1,car,2,4,28,0,48.565,0.23,0.065,YELLOW,True,28.0,,1,,STOP
45972,1,car,2,4,28,0,48.613,0.23,0.065,YELLOW,True,28.0,,1,,STOP
45973,1,car,2,4,28,0,48.663,0.23,0.065,YELLOW,True,28.0,,1,,STOP
45974,1,car,2,4,28,0,48.713,0.23,0.065,YELLOW,True,28.0,,1,,STOP
45975,1,car,2,4,28,0,48.761,0.23,0.065,YELLOW,True,28.0,,1,,STOP
45976,1,car,2,4,28,0,48.811,0.23,0.065,YELLOW,True,28.0,,1,,STOP
45977,1,car,2,4,28,0,48.862,0.23,0.065,YELLOW,True,28.0,,1,,STOP
45978,1,car,2,4,28,0,48.91,0.23,0.065,YELLOW,True,28.0,,1,,STOP
