frame,vehicle_id,speed_m_s,dist_to_stop_m,X0,Xc,dilemma_zone
1,0,1.4204601,4.058278,-9.028389,2.4189339,False
1,1,18.903685,16.814583,52.162895,79.405426,False
1,2,0.11856118,10.925754,-13.585035,0.17984988,False
1,3,0.079818256,10.827575,-13.720636,0.12063752,False
2,0,3.2566655,3.9222457,-2.6016712,6.4001226,True
2,1,12.56758,16.637133,29.98653,41.41481,False
2,2,0.07956249,10.925453,-13.721531,0.12024806,False
2,3,0.12718256,10.833388,-13.554861,0.19308461,False
3,0,2.1878622,3.9223037,-6.3424826,3.9656134,True
3,1,8.422887,16.633982,15.480104,22.769333,True
3,2,0.056523297,10.925114,-13.802168,0.08524136,False
3,3,0.08540627,10.833332,-13.701078,0.12915145,False
4,0,2.7298172,3.7823954,-4.4456396,5.159283,True
4,1,9.366379,16.236053,18.782326,26.58229,False
4,2,0.047895446,10.9246645,-13.832366,0.07217088,False
4,3,0.15484616,10.825571,-13.458038,0.23569457,False
5,0,2.4414818,3.7888741,-5.454814,4.5137706,True
5,1,4.6646023,16.232996,2.326107,10.105263,False
5,2,0.018927554,10.924613,-13.933754,0.02844251,False
5,3,0.135289,10.825527,-13.526488,0.20554823,False
6,0,1.1697208,3.7886975,-9.905977,1.950045,False
6,1,3.1097116,16.233313,-3.1160088,6.0460396,False
6,2,0.00925462,10.924675,-13.967609,0.013894167,False
6,3,0.091800906,10.825547,-13.678697,0.13890527,False
7,0,3.4694161,3.5677404,-1.8570433,6.923674,True
7,1,6.4412274,15.7871,8.544296,15.5889,False
7,2,0.076806016,10.919866,-13.731178,0.11605176,False
7,3,0.10368046,10.827018,-13.637118,0.15705636,False
8,0,4.538472,3.3199582,1.8846531,9.750241,True
8,1,5.2228346,15.543047,4.2799206,11.73111,False
8,2,0.08467118,10.918113,-13.703651,0.12803094,False
8,3,0.017248025,10.826782,-13.939632,0.025914537,False
9,0,4.5704846,3.332113,1.9966965,9.839917,True
9,1,5.2351127,15.546178,4.322895,11.76787,False
9,2,0.08606561,10.917842,-13.6987705,0.1301566,False
9,3,0.017815443,10.826904,-13.937646,0.026768506,False
10,0,5.9012356,3.188788,6.6543236,13.826794,False
10,1,8.739507,15.080458,16.588274,24.020542,False
10,2,0.14883056,10.925691,-13.479094,0.22641021,False
10,3,0.025038421,10.827834,-13.912365,0.03764719,False
11,0,3.6275997,3.192157,-1.303401,7.3213253,True
11,1,5.393429,15.079645,4.877001,12.245726,False
11,2,0.08559663,10.924905,-13.700412,0.12944163,False
11,3,0.013218366,10.827851,-13.953735,0.01985251,False
12,0,4.119858,2.9839158,0.41950226,8.604534,True
12,1,6.74852,14.660949,9.61982,16.628855,True
12,2,0.32420754,10.9402895,-12.865273,0.5013271,False
12,3,0.013218366,10.827851,-13.953735,0.01985251,False
13,0,4.130147,2.9883206,0.4555149,8.632094,True
13,1,6.7393994,14.6634035,9.587898,16.5976,True
13,2,0.32648215,10.940212,-12.857312,0.5049504,False
13,3,0.013218366,10.827851,-13.953735,0.01985251,False
14,0,3.3423738,2.950494,-2.301691,6.609484,True
14,1,4.9601216,14.433083,3.360426,10.954869,False
14,2,0.34837088,10.946599,-12.780702,0.53989375,False
14,3,0.013218366,10.827851,-13.953735,0.01985251,False
15,0,3.3399603,2.9473608,-2.3101387,6.60356,True
15,1,4.947572,14.433733,3.3165035,10.9182825,False
15,2,0.34322596,10.946826,-12.798709,0.53166807,False
15,3,0.013218366,10.827851,-13.953735,0.01985251,False
16,0,1.2325325,2.9474523,-9.686136,2.0658183,False
16,1,4.783206,14.037878,2.7412205,10.443246,False
16,2,0.15429184,10.938574,-13.459978,0.2348386,False
16,3,0.085846655,10.834835,-13.699537,0.12982279,False
17,0,1.1512426,2.9482183,-9.970651,1.916201,False
17,1,4.759337,14.037538,2.6576786,10.374905,False
17,2,0.16287749,10.940188,-13.429929,0.24810609,False
17,3,0.088019006,10.834446,-13.691934,0.13313527,False
18,0,3.9734054,2.6700366,-0.093081474,8.215529,True
18,1,6.297163,13.604053,8.04007,15.11064,True
18,2,0.16287749,10.940188,-13.429929,0.24810609,False
18,3,0.13309467,10.8413925,-13.534168,0.2021726,False
19,0,4.5274177,2.6189828,1.8459616,9.719342,True
19,1,7.7659836,13.40761,13.180943,20.264761,True
19,2,0.16287749,10.940188,-13.429929,0.24810609,False
19,3,0.15385906,10.840039,-13.4614935,0.23417039,False
20,0,4.01506,2.61493,0.05270958,8.325548,True
20,1,4.7534895,13.40852,2.6372128,10.358186,False
20,2,0.16287749,10.940188,-13.429929,0.24810609,False
20,3,0.08132274,10.840584,-13.71537,0.12292888,False
21,0,3.9873562,2.6149185,-0.04425335,8.252321,True
21,1,4.752508,13.408242,2.6337776,10.355381,False
21,2,0.16287749,10.940188,-13.429929,0.24810609,False
21,3,0.078442045,10.840549,-13.725452,0.11854209,False
22,0,2.9668236,2.536687,-3.6161175,5.70767,True
22,1,4.2710485,13.0509615,0.94866943,9.012552,False
22,2,0.16287749,10.940188,-13.429929,0.24810609,False
22,3,0.098180756,10.832012,-13.656367,0.14864819,False
23,0,2.4550836,2.5293734,-5.4072075,4.5436873,True
23,1,2.8158436,13.0483265,-4.1445475,5.356476,False
23,2,0.16287749,10.940188,-13.429929,0.24810609,False
23,3,0.08042956,10.831581,-13.718496,0.12156848,False
24,0,4.66306,2.3321874,2.3207111,10.100895,True
24,1,5.8943424,12.639844,6.6301994,13.804838,True
24,2,0.16287749,10.940188,-13.429929,0.24810609,False
25,0,4.818132,2.3452184,2.8634624,10.54354,False
25,1,7.131484,12.474668,10.960194,17.962664,True
25,2,0.16287749,10.940188,-13.429929,0.24810609,False
26,0,2.6603324,2.3537023,-4.688836,5.001551,True
26,1,4.3728147,12.478044,1.3048515,9.290866,False
26,2,0.16287749,10.940188,-13.429929,0.24810609,False
27,0,6.8156233,2.2196717,9.854681,16.859537,False
27,1,8.695935,11.899296,16.435774,23.84666,False
27,2,0.16287749,10.940188,-13.429929,0.24810609,False
28,0,4.8604865,2.2487295,3.0117035,10.665634,False
28,1,5.6257114,11.901606,5.689991,12.959801,True
28,2,0.16287749,10.940188,-13.429929,0.24810609,False
29,0,4.706645,2.2486162,2.473257,10.224611,False
29,1,4.3864036,11.901575,1.3524122,9.328253,False
29,2,0.16287749,10.940188,-13.429929,0.24810609,False
30,0,7.1468163,2.0631466,11.013857,18.016937,False
30,1,6.309654,11.684826,8.08379,15.151873,True
30,2,0.16287749,10.940188,-13.429929,0.24810609,False
31,0,5.5139394,1.9075398,5.298788,12.614271,False
31,1,4.0305967,11.411594,0.10708809,8.366711,False
31,2,0.16287749,10.940188,-13.429929,0.24810609,False
32,0,5.2638407,1.903245,4.423443,11.85405,False
32,1,4.0231404,11.410422,0.080991745,8.346948,False
32,2,0.16287749,10.940188,-13.429929,0.24810609,False
33,0,6.7340636,2.0775728,9.569223,16.579327,False
33,1,6.8604403,11.033844,10.011541,17.014324,True
34,0,4.539339,2.062123,1.8876867,9.7526655,True
34,1,5.144374,11.003955,4.005308,11.497215,True
35,0,8.021879,1.7845018,14.076576,21.225754,False
35,1,5.5914383,10.685519,5.570034,12.85347,True
36,0,8.890142,1.705842,17.115498,24.625875,False
36,1,6.554463,10.557795,8.94062,15.968978,True
36,6,14.528176,1.7309935,36.848618,51.944824,False
37,0,7.4388423,1.7036018,12.035948,19.06346,False
37,1,3.734949,10.560105,-0.9276781,7.5952587,False
37,6,7.3520336,1.728604,11.732117,18.74982,False
38,0,7.0116954,1.7027786,10.540934,17.540953,False
38,1,3.5100312,10.559118,-1.7148905,7.0250926,False
38,6,4.9048476,1.7289215,3.1669674,10.794062,False
39,0,5.837164,1.369206,6.430073,13.623243,False
39,1,4.5377817,10.087753,1.8822365,9.74831,False
39,6,4.995227,1.9026423,3.4832935,11.057453,False
40,0,4.9722495,1.368399,3.402874,10.990269,False
40,1,3.5840604,10.085502,-1.4557886,7.2111607,False
40,6,1.3713048,1.9030046,-9.200434,2.3255968,True
41,0,4.9722495,1.368399,3.402874,10.990269,False
41,1,6.5782423,9.684947,9.023848,16.04926,True
41,6,1.3713048,1.9030046,-9.200434,2.3255968,True
42,0,4.9722495,1.368399,3.402874,10.990269,False
42,1,7.7104063,9.53805,12.986422,20.058517,False
42,6,1.3713048,1.9030046,-9.200434,2.3255968,True
43,0,4.9722495,1.368399,3.402874,10.990269,False
43,1,4.1976795,9.536049,0.6918783,8.813736,False
43,6,1.3713048,1.9030046,-9.200434,2.3255968,True
44,0,4.9722495,1.368399,3.402874,10.990269,False
44,1,4.180938,9.53573,0.6332817,8.768583,False
44,6,1.3713048,1.9030046,-9.200434,2.3255968,True
45,0,4.9722495,1.368399,3.402874,10.990269,False
45,1,2.197491,9.41096,-6.3087816,3.9860888,False
45,6,1.3713048,1.9030046,-9.200434,2.3255968,True
46,0,4.9722495,1.368399,3.402874,10.990269,False
46,1,1.0987811,9.416355,-10.154266,1.8206459,False
46,6,1.3713048,1.9030046,-9.200434,2.3255968,True
47,0,4.9722495,1.368399,3.402874,10.990269,False
47,1,4.69293,8.934756,2.4252548,10.185623,True
47,6,1.3713048,1.9030046,-9.200434,2.3255968,True
48,0,4.9722495,1.368399,3.402874,10.990269,False
48,1,5.89253,8.775471,6.6238556,13.7990675,True
48,6,1.3713048,1.9030046,-9.200434,2.3255968,True
49,0,4.9722495,1.368399,3.402874,10.990269,False
49,1,4.873753,8.774348,3.058136,10.703982,True
49,6,1.3713048,1.9030046,-9.200434,2.3255968,True
50,0,4.9722495,1.368399,3.402874,10.990269,False
50,1,6.649223,8.536127,9.27228,16.289858,False
50,6,1.3713048,1.9030046,-9.200434,2.3255968,True
51,0,4.9722495,1.368399,3.402874,10.990269,False
51,1,3.057725,8.538054,-3.2979622,5.9222565,False
51,6,1.3713048,1.9030046,-9.200434,2.3255968,True
51,8,0.29903296,15.67307,-12.953384,0.46132383,False
52,0,4.9722495,1.368399,3.402874,10.990269,False
52,1,1.857705,8.538322,-7.4980326,3.2795672,False
52,6,1.3713048,1.9030046,-9.200434,2.3255968,True
52,8,0.15542032,15.673302,-13.456029,0.23658127,False
53,0,4.9722495,1.368399,3.402874,10.990269,False
53,1,4.6488104,8.166858,2.2708359,10.060564,True
53,6,1.3713048,1.9030046,-9.200434,2.3255968,True
53,8,2.8874233,15.424124,-3.8940182,5.5221653,False
54,0,4.9722495,1.368399,3.402874,10.990269,False
54,1,4.363134,7.971452,1.2709684,9.264263,True
54,6,1.3713048,1.9030046,-9.200434,2.3255968,True
54,8,4.8923864,15.065424,3.123352,10.757929,False
55,0,4.9722495,1.368399,3.402874,10.990269,False
55,1,4.3743324,7.9665165,1.3101635,9.295039,True
55,6,1.3713048,1.9030046,-9.200434,2.3255968,True
55,8,4.875991,15.061158,3.0659676,10.710456,False
56,1,6.1046743,7.737868,7.3663597,14.480875,True
56,8,7.860927,14.725341,13.513245,20.61913,True
57,1,3.32544,7.735024,-2.36096,6.567953,False
57,8,5.890677,14.735557,6.6173687,13.793169,False
58,1,1.8070368,7.736631,-7.675371,3.1770382,False
58,8,3.1639311,14.735557,-2.926241,6.1759624,False
59,1,5.8842287,7.188005,6.594801,13.772651,True
59,8,7.1158295,14.201595,10.905403,17.90732,True
60,1,4.913671,7.086493,3.1978493,10.819673,True
60,8,6.085186,13.940885,7.298151,14.417706,True
60,9,0.1989444,10.923685,-13.303695,0.30407074,False
61,1,4.9216523,7.082546,3.2257824,10.842859,True
61,8,6.0682006,13.949681,7.238703,14.362738,True
61,9,0.10405388,10.92399,-13.635811,0.15762755,False
62,1,7.014945,6.80469,10.552307,17.55234,False
62,8,6.0682006,13.949681,7.238703,14.362738,True
62,9,0.12452767,10.918579,-13.564154,0.18900682,False
63,1,2.9185212,6.8069835,-3.7851763,5.5946054,False
63,8,6.0682006,13.949681,7.238703,14.362738,True
63,9,0.104502864,10.917109,-13.63424,0.15831442,False
64,1,5.016135,6.4257298,3.5564728,11.118719,True
64,8,12.561062,13.103213,29.963715,41.38163,False
64,9,0.262919,10.944684,-13.079783,0.40425372,False
65,1,6.3476458,6.244295,8.216761,15.277555,False
65,8,10.254413,12.881504,21.890446,30.403473,False
65,9,0.3105574,10.93876,-12.91305,0.47961408,False
66,1,4.269355,6.247999,0.9427414,9.007945,True
66,8,8.318864,12.883644,15.116024,22.36451,False
66,9,0.27123043,10.93849,-13.0506935,0.41735506,False
67,1,4.248752,6.2479963,0.8706322,8.95197,True
67,8,8.2276325,12.882704,14.796715,22.012012,False
67,9,0.2605697,10.9384365,-13.088006,0.40055406,False
68,1,3.7558002,5.93754,-0.85469913,7.6488485,True
68,8,5.9549813,12.321522,6.842434,13.998444,True
68,9,0.12341657,10.928969,-13.568042,0.18730082,False
69,1,2.4205444,5.940647,-5.5280943,4.4678216,False
69,8,4.2625566,12.320913,0.9189482,8.989462,False
69,9,0.0806347,10.929649,-13.717779,0.1218809,False
70,1,5.57834,5.523067,5.524191,12.812922,False
70,8,6.675461,12.066154,9.364113,16.379158,True
70,9,0.13994783,10.937285,-13.510182,0.21271966,False
71,1,7.3328013,5.2950935,11.664804,18.680626,False
71,8,8.5729065,11.811934,16.005173,23.358606,False
71,9,0.17213154,10.940382,-13.397539,0.26243007,False
72,1,5.0013113,5.299756,3.504589,11.075269,True
72,8,4.3891554,11.815905,1.3620434,9.335831,False
72,9,0.109686285,10.941159,-13.616098,0.16624816,False
72,11,0.27760988,10.953196,-13.028365,0.42742443,False
73,1,6.7460966,5.0691633,9.611338,16.620548,False
73,8,4.3891554,11.815905,1.3620434,9.335831,False
73,9,0.109686285,10.941159,-13.616098,0.16624816,False
73,11,7.2004514,10.486794,11.20158,18.207321,False
74,1,3.615492,5.061818,-1.3457775,7.290636,True
74,8,4.3891554,11.815905,1.3620434,9.335831,False
74,9,0.109686285,10.941159,-13.616098,0.16624816,False
74,11,4.8397064,10.490426,2.9389725,10.605668,True
75,1,1.8626791,5.0615964,-7.4806232,3.2896721,False
75,8,4.3891554,11.815905,1.3620434,9.335831,False
75,9,0.109686285,10.941159,-13.616098,0.16624816,False
75,11,3.6309884,10.490303,-1.2915411,7.329922,False
76,1,4.070889,4.7627587,0.24811172,8.473782,True
76,8,4.3891554,11.815905,1.3620434,9.335831,False
76,9,0.3129841,10.913143,-12.904555,0.48347032,False
76,11,5.9625473,10.238858,6.8689156,14.022675,True
77,1,3.1725788,4.6466165,-2.8959742,6.196762,True
77,8,4.3891554,11.815905,1.3620434,9.335831,False
77,9,0.28726918,10.916335,-12.994558,0.44269285,False
77,11,5.9625473,10.238858,6.8689156,14.022675,True
77,12,0.044342186,10.816409,-13.844803,0.066794164,False
78,1,3.1618319,4.640811,-2.933588,6.1709166,True
78,8,4.3891554,11.815905,1.3620434,9.335831,False
78,9,0.25576803,10.916195,-13.104812,0.39299735,False
78,11,5.9625473,10.238858,6.8689156,14.022675,True
78,12,0.02264735,10.816381,-13.920734,0.034044296,False
79,1,5.8303237,4.287212,6.4061337,13.601582,False
79,8,4.3891554,11.815905,1.3620434,9.335831,False
79,9,0.25576803,10.916195,-13.104812,0.39299735,False
79,11,6.780999,9.696978,9.733498,16.740349,False
79,12,0.02264735,10.816381,-13.920734,0.034044296,False
80,1,3.5954769,4.288172,-1.4158306,7.239994,True
80,8,4.3891554,11.815905,1.3620434,9.335831,False
80,9,0.25576803,10.916195,-13.104812,0.39299735,False
80,11,6.833012,9.688444,9.915543,16.919527,False
80,12,0.02264735,10.816381,-13.920734,0.034044296,False
81,1,2.7230635,4.2881465,-4.4692783,5.1438913,True
81,8,4.3891554,11.815905,1.3620434,9.335831,False
81,9,0.25576803,10.916195,-13.104812,0.39299735,False
81,11,6.8327637,9.688549,9.914673,16.918669,False
81,12,0.02264735,10.816381,-13.920734,0.034044296,False
82,1,4.5900455,4.0425487,2.0651588,9.894856,True
82,8,4.3891554,11.815905,1.3620434,9.335831,False
82,9,0.25576803,10.916195,-13.104812,0.39299735,False
82,11,6.124299,9.559971,7.435047,14.544598,True
82,12,0.02264735,10.816381,-13.920734,0.034044296,False
83,1,2.9464989,3.9084022,-3.687254,5.660013,True
83,8,4.3891554,11.815905,1.3620434,9.335831,False
83,9,0.25576803,10.916195,-13.104812,0.39299735,False
83,11,3.6832428,9.669165,-1.1086502,7.462904,False
83,12,0.02264735,10.816381,-13.920734,0.034044296,False
84,1,2.9551907,3.9063568,-3.6568327,5.680379,True
84,8,4.3891554,11.815905,1.3620434,9.335831,False
84,9,0.25576803,10.916195,-13.104812,0.39299735,False
84,11,3.6394148,9.665659,-1.2620487,7.3513136,False
84,12,0.02264735,10.816381,-13.920734,0.034044296,False
85,1,6.148535,3.480752,7.5198708,14.623442,False
85,8,4.3891554,11.815905,1.3620434,9.335831,False
85,9,0.25576803,10.916195,-13.104812,0.39299735,False
85,11,3.6394148,9.665659,-1.2620487,7.3513136,False
85,12,0.02264735,10.816381,-13.920734,0.034044296,False
86,1,4.2472954,3.4794083,0.8655338,8.948017,True
86,8,4.3891554,11.815905,1.3620434,9.335831,False
86,9,0.25576803,10.916195,-13.104812,0.39299735,False
86,11,3.6394148,9.665659,-1.2620487,7.3513136,False
86,12,0.02264735,10.816381,-13.920734,0.034044296,False
87,1,5.5868626,3.1652951,5.55402,12.839298,False
87,8,4.3891554,11.815905,1.3620434,9.335831,False
87,9,0.25576803,10.916195,-13.104812,0.39299735,False
87,11,3.6394148,9.665659,-1.2620487,7.3513136,False
87,12,0.1000447,10.823642,-13.649843,0.1514969,False
88,1,7.1846666,2.9568338,11.146334,18.151205,False
88,9,0.402696,10.9344425,-12.590564,0.6272103,False
88,11,3.6394148,9.665659,-1.2620487,7.3513136,False
88,12,0.25485346,10.846447,-13.108013,0.3915588,False
89,1,4.2438774,2.989547,0.85357094,8.938744,True
89,9,0.20420909,10.9356575,-13.285269,0.31227097,False
89,11,3.6394148,9.665659,-1.2620487,7.3513136,False
89,12,0.25676593,10.844717,-13.101319,0.39456728,False
90,1,4.234263,2.9896107,0.81992054,8.912678,True
90,9,0.16885307,10.93562,-13.409014,0.25735268,False
90,11,3.6394148,9.665659,-1.2620487,7.3513136,False
90,12,0.2566349,10.844708,-13.101778,0.3943611,False
91,1,5.4614296,2.5109868,5.1150036,12.453175,False
91,11,3.6394148,9.665659,-1.2620487,7.3513136,False
91,12,0.22108564,10.848263,-13.2262,0.33861113,False
92,1,3.8530188,2.5102918,-0.5144348,7.90035,True
92,11,3.6394148,9.665659,-1.2620487,7.3513136,False
92,12,0.042423353,10.848163,-13.851519,0.06389213,False
92,14,0.011116674,10.93747,-13.961092,0.016692664,False
93,1,5.06704,2.3347654,3.7346401,11.268402,False
93,9,57.453953,18.301989,187.08884,557.74615,False
93,11,3.6394148,9.665659,-1.2620487,7.3513136,False
93,12,0.04222409,10.849857,-13.852216,0.06359083,False
93,14,0.1893122,10.925285,-13.337407,0.28908816,False
94,1,6.6284413,2.131073,9.199545,16.219267,False
94,9,57.92511,18.241613,188.73788,566.2189,False
94,11,3.6394148,9.665659,-1.2620487,7.3513136,False
94,12,0.06286811,10.849239,-13.779962,0.09486679,False
94,14,0.20432872,10.933094,-13.284849,0.31245738,False
95,1,3.0648081,2.1346264,-3.2731714,5.9390764,True
95,9,1.5767936,18.241407,-8.481222,2.720373,False
95,11,3.6394148,9.665659,-1.2620487,7.3513136,False
95,12,0.04453201,10.8504,-13.844138,0.06708132,False
95,14,0.1550256,10.933327,-13.457411,0.23597167,False
96,1,4.475601,1.9523865,1.6646042,9.574974,True
96,9,2.9757876,18.05819,-3.5847435,5.728726,False
96,11,3.6394148,9.665659,-1.2620487,7.3513136,False
96,12,0.0503833,10.85097,-13.823658,0.07593759,False
96,14,0.31116265,10.912378,-12.910931,0.4805757,False
97,1,3.0569768,1.9462547,-3.300581,5.9204807,True
97,9,1.8779911,18.05814,-7.427031,3.3208222,False
97,11,3.6394148,9.665659,-1.2620487,7.3513136,False
97,12,0.03989193,10.850664,-13.860378,0.060065232,False
97,14,0.2223961,10.912209,-13.221614,0.34065986,False
98,1,1.4951037,1.9462546,-8.767138,2.561989,True
98,9,1.408657,18.057938,-9.0697,2.3964589,False
98,11,3.6394148,9.665659,-1.2620487,7.3513136,False
98,12,0.019140791,10.850664,-13.933007,0.028763525,False
98,14,0.16387719,10.912202,-13.42643,0.24965231,False
99,1,5.976941,1.3487177,6.9192944,14.068815,False
99,9,4.042244,17.75434,0.14785385,8.397614,False
99,12,0.06363543,10.857879,-13.777276,0.096031636,False
99,14,0.17906682,10.914428,-13.373266,0.27318093,False
100,1,4.9387746,1.3056762,3.2857113,10.892661,False
100,9,4.2007732,17.58929,0.70270634,8.822088,False
100,12,0.06884328,10.858189,-13.759048,0.103941984,False
100,14,0.040464755,10.916706,-13.858374,0.060931046,False
101,1,4.9400845,1.3111246,3.2902946,10.896475,False
101,9,4.209207,17.589983,0.73222446,8.8448715,False
101,12,0.07379605,10.859036,-13.7417145,0.111472055,False
101,14,0.038187616,10.916805,-13.8663435,0.057489753,False
102,1,7.437847,0.97808915,12.032465,19.059853,False
102,9,7.456615,17.230745,12.098152,19.127937,True
102,12,0.081598155,10.858084,-13.714407,0.12334841,False
102,14,0.05065793,10.915466,-13.822697,0.076353505,False
103,1,2.9464626,0.9768212,-3.6873808,5.6599283,True
103,9,4.843666,17.23266,2.9528313,10.6170845,False
103,12,0.027614057,10.858115,-13.903351,0.04153002,False
103,14,0.03509917,10.915645,-13.877153,0.05282475,False
104,1,2.567435,0.9768233,-5.013977,4.792827,True
104,9,3.284316,17.232498,-2.5048943,6.467436,False
104,14,0.014919423,10.915632,-13.9477825,0.022410933,False
105,1,4.996505,0.6463936,3.4877663,11.061194,False
105,9,6.515604,16.869959,8.804615,15.838134,False
105,14,0.22092372,10.942716,-13.226767,0.33835804,False
106,1,4.468548,0.38396916,1.6399174,9.555382,False
106,9,5.283066,16.657207,4.4907303,11.911854,False
106,14,0.2202577,10.944271,-13.229098,0.33731705,False
107,1,4.485304,0.38841912,1.6985636,9.601949,False
107,9,5.2721653,16.658625,4.4525795,11.879066,False
107,14,0.2197028,10.94416,-13.23104,0.3364498,False
108,1,6.0557775,0.18587321,7.195221,14.322586,False
108,9,7.912607,16.355267,13.694126,20.813103,True
108,14,0.23288819,10.944658,-13.184891,0.3570804,False
109,1,3.5943172,0.18360102,-1.4198895,7.2370634,True
109,9,4.6784773,16.35448,2.37467,10.144594,False
109,14,0.027266579,10.944757,-13.904567,0.041006077,False
110,9,5.5048065,15.976071,5.266823,12.586195,False
110,14,0.072287284,10.950634,-13.746994,0.10917742,False
111,9,6.7899475,15.803214,9.764816,16.771118,True
112,9,4.1514206,15.803428,0.5299721,8.689173,False
113,9,4.1465983,15.80355,0.51309395,8.676223,False
114,9,4.227698,15.41608,0.7969427,8.894894,False
115,9,2.9420223,15.415078,-3.7029219,5.649533,False
116,9,5.639552,15.056994,5.738432,13.002834,False
117,9,6.9005013,14.890473,10.151754,17.153168,True
118,9,3.9918776,14.889909,-0.028429031,8.264257,False
119,9,3.9799817,14.88991,-0.070064545,8.232866,False
120,9,4.56822,14.451281,1.9887705,9.833564,False
121,9,3.3707411,14.444719,-2.202406,6.6792397,False
122,9,5.5407248,14.169853,5.392536,12.696749,False
123,9,6.7656045,14.026734,9.679615,16.687466,True
124,9,3.4941573,14.0246525,-1.7704496,6.985398,False
125,9,5.835677,13.7066555,6.4248695,13.618533,False
126,9,3.662657,13.707807,-1.1807003,7.4104223,False
127,9,2.437715,13.707783,-5.4679976,4.5054946,False
128,9,5.654921,13.276386,5.792223,13.050686,False
129,9,4.105542,13.201665,0.36939812,8.566238,False
130,9,4.106775,13.203259,0.3737116,8.569533,False
131,9,6.6305833,12.867423,9.207041,16.226538,True
132,9,3.433846,12.872052,-1.9815388,6.8352404,False
133,9,5.24622,12.51795,4.3617706,11.801163,False
134,9,5.265825,12.514826,4.4303875,11.86001,False
135,9,3.5925488,12.410459,-1.4260788,7.232596,False
136,9,3.6004555,12.405713,-1.398406,7.2525806,False
137,9,4.218381,11.967589,0.7643337,8.869677,False
138,9,4.2922072,11.980508,1.0227251,9.070173,False
139,9,5.5423374,11.72109,5.398182,12.701721,True
140,9,5.518506,11.723766,5.3147717,12.628318,True
141,9,3.4326606,11.566995,-1.9856882,6.832299,False
142,9,3.3635113,11.562444,-2.2277107,6.66144,False
143,9,3.6326284,11.246621,-1.2858009,7.334084,False
144,9,3.6342628,11.249242,-1.2800798,7.338232,False
145,9,4.789996,10.93771,2.764986,10.462717,False
146,9,5.8284645,10.794154,6.399626,13.595696,True
147,9,3.4658272,10.793182,-1.8696051,6.914735,False
148,9,3.4418588,10.793118,-1.9534941,6.85513,False
149,9,3.4985137,10.472861,-1.7552023,6.9962845,False
150,9,2.429572,10.472001,-5.496498,4.4876184,False
151,9,4.841996,10.149979,2.9469872,10.612269,True
152,9,6.001816,9.996232,7.0063553,14.148694,True
153,9,3.5961668,9.995224,-1.4134159,7.2417383,False
154,9,6.239547,9.642141,7.8384132,14.921026,True
154,19,5.642325,16.953564,5.7481365,13.011463,False
155,9,3.8463805,9.641872,-0.5376682,7.883091,False
155,19,2.888354,16.955685,-3.8907604,5.524329,False
156,9,4.243798,9.440773,0.85329247,8.938528,False
156,19,2.8342695,16.867702,-4.080057,5.398988,False
157,9,4.290206,9.447204,1.0157204,9.064718,False
157,19,2.8145804,16.867966,-4.1489687,5.353565,False
158,9,2.8994992,9.279995,-3.8517532,5.5502625,False
158,19,2.7942557,16.681086,-4.220105,5.3067927,False
159,9,2.8897042,9.2822075,-3.886035,5.5274696,False
159,19,2.7761338,16.681734,-4.283532,5.265189,False
160,9,4.535847,8.856255,1.8754654,9.742901,True
160,19,5.092751,16.338285,3.8246288,11.344286,False
161,9,4.4990873,8.858482,1.7468052,9.640315,True
161,19,5.1294255,16.341833,3.9529896,11.452854,False
162,9,4.4523096,8.709001,1.5830841,9.51033,True
162,19,6.632107,15.988842,9.212374,16.231709,True
163,9,4.4748597,8.714226,1.6620092,9.572914,True
163,19,6.634176,15.989528,9.219616,16.238733,True
164,9,2.0141044,8.62021,-6.950635,3.6006732,False
164,19,4.572034,15.855352,2.002119,9.844264,False
165,9,2.0272336,8.624256,-6.904682,3.6279469,False
165,19,4.546213,15.856812,1.911746,9.771899,False
166,9,3.8239532,8.223209,-0.6161642,7.824875,False
166,19,5.18649,15.447681,4.1527157,11.622546,False
167,9,3.8285842,8.222869,-0.59995556,7.8368845,False
167,19,5.2006574,15.450584,4.202301,11.66482,False
168,9,5.647932,7.881671,5.767761,13.028917,True
168,19,7.2377768,15.095695,11.332218,18.340296,True
169,9,6.3710775,7.7851105,8.298771,15.355277,False
169,19,8.075265,14.9866085,14.263428,21.428596,True
170,9,3.4264762,7.7930813,-2.0073328,6.8169627,False
170,19,4.1505017,14.985573,0.5267563,8.686705,False
171,9,3.3869214,7.7936397,-2.1457748,6.7191305,False
171,19,4.128984,14.985388,0.45144367,8.628977,False
172,9,2.5089092,7.572546,-5.2188177,4.662596,False
172,19,3.832253,14.660218,-0.58711433,7.846403,False
173,9,1.7927178,7.573246,-7.7254877,3.1481962,False
173,19,3.0432858,14.654542,-3.3484993,5.888013,False
174,9,4.541986,7.197965,1.8969507,9.76007,True
174,19,5.86113,14.277818,6.513956,13.699245,False
175,9,5.326416,7.092883,4.642456,12.0425825,True
175,19,7.2419453,14.093645,11.346809,18.355171,True
176,9,3.7178047,7.0833116,-0.9876833,7.5512886,True
176,19,4.3094635,14.096649,1.0831223,9.117264,False
177,9,4.8203535,6.934895,2.8712368,10.549932,True
177,12,24.732525,10.901215,72.563835,124.484184,False
177,19,8.412292,13.569147,15.44302,22.727959,False
178,9,2.032322,6.937048,-6.8868732,3.6385303,False
178,12,24.594448,10.899723,72.08057,123.304085,False
178,19,5.623728,13.564871,5.6830482,12.953636,False
178,21,0.0044670063,10.8639555,-13.984365,0.00670336,False
179,9,1.2454381,6.937293,-9.640966,2.089745,False
179,12,24.375061,10.899729,71.31271,121.440254,False
179,19,4.2411165,13.564873,0.8439083,8.931256,False
179,21,0.0025160215,10.863943,-13.991194,0.0037749365,False
180,9,2.6773827,6.741608,-4.629161,5.040128,False
180,12,24.389332,10.898767,71.36266,121.561066,False
180,19,6.047739,13.381849,7.1670876,14.296629,True
180,21,0.0025160215,10.863943,-13.991194,0.0037749365,False
181,9,3.2384148,6.5195003,-2.6655483,6.355812,False
181,12,24.389332,10.898767,71.36266,121.561066,False
181,19,2.8682954,13.29146,-3.960966,5.4777455,False
181,21,0.0025160215,10.863943,-13.991194,0.0037749365,False
182,9,3.2284822,6.518067,-2.7003117,6.3317375,False
182,12,0.5741525,10.965968,-11.990466,0.90832186,False
182,19,2.9438996,13.284021,-3.696351,5.653928,False
182,21,0.0025160215,10.863943,-13.991194,0.0037749365,False
183,9,5.018664,6.28217,3.5653229,11.126137,True
183,12,0.59060585,10.968008,-11.932879,0.9357395,False
183,19,5.3609905,12.967289,4.763466,12.147232,False
183,21,0.0025160215,10.863943,-13.991194,0.0037749365,False
184,9,3.5865417,6.2914124,-1.4471045,7.217424,True
184,12,0.59526235,10.968571,-11.916582,0.94351315,False
184,19,3.545131,12.966521,-1.592042,7.113118,False
184,21,0.0025160215,10.863943,-13.991194,0.0037749365,False
185,9,4.1651483,5.9879665,0.57801914,8.726074,True
185,12,0.6318563,10.974939,-11.788503,1.0048192,False
185,19,5.265602,12.607809,4.4296074,11.859341,False
185,21,0.0025160215,10.863943,-13.991194,0.0037749365,False
186,9,4.2685876,5.9933763,0.9400568,9.005859,True
186,12,0.092065476,10.975665,-13.677771,0.13930908,False
186,19,5.161748,12.60733,4.0661182,11.548857,False
186,21,0.0025160215,10.863943,-13.991194,0.0037749365,False
187,9,4.224698,5.767001,0.7864437,8.886772,True
187,12,0.12279732,10.968323,-13.5702095,0.18635015,False
187,19,3.7638323,12.486702,-0.8265867,7.669525,False
187,21,0.0025160215,10.863943,-13.991194,0.0037749365,False
188,9,4.1598063,5.76774,0.55932236,8.711708,True
188,12,0.1218575,10.968837,-13.573499,0.18490757,False
188,19,3.7899768,12.481886,-0.7350807,7.736954,False
188,21,0.0025160215,10.863943,-13.991194,0.0037749365,False
189,9,4.7624764,5.3853416,2.6686668,10.383883,True
189,12,0.091310486,10.971379,-13.680413,0.1381568,False
189,19,3.3475378,12.180733,-2.283618,6.6221647,False
189,21,0.0025160215,10.863943,-13.991194,0.0037749365,False
190,9,4.7318892,5.3967066,2.561613,10.296516,True
190,12,0.08852001,10.971194,-13.69018,0.13389942,False
190,19,3.3461254,12.182119,-2.2885609,6.6186957,False
190,21,0.0025160215,10.863943,-13.991194,0.0037749365,False
191,9,4.7024803,5.1693916,2.458681,10.212767,True
191,12,0.0784282,10.965209,-13.725501,0.11852101,False
191,19,4.4741364,11.901084,1.6594772,9.570904,False
191,21,0.0025160215,10.863943,-13.991194,0.0037749365,False
192,9,5.838293,5.0175714,6.434025,13.626821,False
192,12,0.084177814,10.964731,-13.705378,0.12727898,False
192,19,5.411762,11.77134,4.941168,12.301525,True
192,21,0.0025160215,10.863943,-13.991194,0.0037749365,False
193,9,3.000149,5.0232043,-3.4994783,5.7860656,True
193,12,0.062986925,10.964908,-13.779546,0.09504715,False
193,19,3.1601033,11.769971,-2.9396381,6.166763,False
193,21,0.0025160215,10.863943,-13.991194,0.0037749365,False
194,9,2.910289,5.023216,-3.8139887,5.5754023,True
194,12,0.060224373,10.964901,-13.789215,0.0908547,False
194,19,3.1488328,11.76998,-2.979085,6.139699,False
194,21,0.0025160215,10.863943,-13.991194,0.0037749365,False
195,9,2.4307597,4.8762755,-5.492341,4.4902244,False
195,12,0.088231765,10.955349,-13.691189,0.13345976,False
195,19,4.547163,11.3042555,1.9150705,9.774557,False
196,9,1.2974715,4.8779473,-9.45885,2.1866977,False
196,12,0.086922586,10.956038,-13.69577,0.13146324,False
196,19,3.5674946,11.303737,-1.5137691,7.169388,False
197,9,2.2434986,4.7461843,-6.147755,4.0842886,False
197,12,0.086922586,10.956038,-13.69577,0.13146324,False
197,19,5.9571295,10.986667,6.8499527,14.0053215,True
198,9,2.95933,4.65325,-3.6423445,5.690086,True
198,12,0.086922586,10.956038,-13.69577,0.13146324,False
198,19,6.7343397,10.887438,9.5701885,16.58027,True
199,9,1.790035,4.6617637,-7.7348776,3.142799,False
199,12,0.086922586,10.956038,-13.69577,0.13146324,False
199,19,3.2204745,10.889148,-2.7283392,6.3123484,False
200,9,2.67732,4.543865,-4.62938,5.0399857,True
200,12,0.086922586,10.956038,-13.69577,0.13146324,False
200,19,5.5237026,10.593781,5.332958,12.64431,True
201,9,1.772765,4.5325103,-7.7953224,3.108104,False
201,12,0.086922586,10.956038,-13.69577,0.13146324,False
201,19,3.1418457,10.596007,-3.00354,6.122939,False
202,9,1.0570952,4.5325413,-10.300167,1.7452786,False
202,12,0.086922586,10.956038,-13.69577,0.13146324,False
202,19,2.3696952,10.596566,-5.706067,4.3567505,False
203,9,3.395023,4.2120585,-2.1174192,6.739132,True
203,19,4.186247,10.351333,0.65186405,8.782893,False
204,9,3.3266456,4.1046605,-2.35674,6.570907,True
204,19,3.182778,10.178383,-2.8602772,6.2213206,False
205,9,3.2586493,4.106882,-2.5947275,6.4049444,True
205,19,3.17677,10.17873,-2.8813047,6.20685,False
206,9,3.8544111,4.0580697,-0.50956154,7.9039717,True
206,19,4.7779703,9.983523,2.7228966,10.428242,True
207,9,1.5988262,4.077154,-8.404108,2.763417,False
207,19,2.9901006,9.97752,-3.534648,5.762394,False
208,9,0.7703094,4.0775957,-11.303917,1.2402321,False
208,19,1.6865306,9.977627,-8.097143,2.9361367,False
209,9,2.4381716,3.8541033,-5.466399,4.506498,True
209,19,3.594087,9.722119,-1.4206963,7.2364817,False
210,9,3.2010214,3.676549,-2.7964249,6.2653236,True
210,19,3.219129,9.558323,-2.7330484,6.3090925,False
211,9,3.1235483,3.6670315,-3.0675812,6.079116,True
211,19,3.1667273,9.558486,-2.9164543,6.182686,False
212,9,4.627495,3.4668434,2.1962318,10.000343,True
212,19,5.380748,9.264509,4.832617,12.207185,True
213,9,2.9766672,3.4702618,-3.581665,5.730793,True
213,19,3.4726734,9.265544,-1.845643,6.9317904,False
214,9,3.7716594,3.1849062,-0.7991924,7.6896906,True
214,19,4.3007727,8.991291,1.0527039,9.093536,True
215,9,6.0079713,2.8804626,7.027899,14.1684885,False
215,19,6.010521,8.763247,7.0368233,14.17669,True
216,9,4.584849,2.8915546,2.0469704,9.880251,True
216,19,3.839935,8.758123,-0.5602274,7.8663454,False
217,9,4.550155,2.8916209,1.9255428,9.782934,True
217,19,3.8294344,8.757484,-0.59697914,7.83909,False
218,9,2.8056674,2.8893464,-4.1801643,5.3330393,True
218,19,3.5314295,8.526098,-1.6399965,7.0787153,False
219,9,0.539502,2.883458,-12.111743,0.8508334,False
219,19,1.8201455,8.526758,-7.629491,3.2034938,False
220,9,2.5221071,2.6078331,-5.1726246,4.6918783,True
220,12,60.518276,16.77429,197.81396,613.9862,False
220,19,3.2608314,8.328826,-2.5870905,6.4102497,False
221,9,2.967338,2.6461234,-3.614317,5.7088776,True
221,12,61.390648,16.61795,200.86726,630.4877,False
221,19,4.4776163,8.177593,1.6716576,9.580574,True
222,9,2.591446,2.6416597,-4.9299393,4.846539,True
222,12,61.39114,16.616566,200.86899,630.497,False
222,19,2.7716663,8.18257,-4.2991676,5.254947,False
223,9,2.5465527,2.64168,-5.0870657,4.746248,True
223,12,61.391068,16.616632,200.86874,630.49567,False
223,19,2.7650836,8.182569,-4.3222075,5.2398663,False
224,9,2.1290073,2.4218748,-6.5484743,3.8410356,True
224,12,4.562366,16.16994,1.9682808,9.817146,False
224,19,3.3253412,7.977565,-2.3613052,6.567711,False
225,9,1.7293953,2.4225018,-7.9471164,3.021351,True
225,12,3.3958933,16.170761,-2.1143732,6.7412815,False
225,19,2.1834064,7.96966,-6.358078,3.9561472,False
226,9,2.5243037,2.318614,-5.164937,4.696757,True
226,12,6.0543075,15.824733,7.190077,14.317839,False
226,19,3.1304283,7.838562,-3.043501,6.095583,False
227,9,2.9978852,2.2559817,-3.5074015,5.7807302,True
227,12,7.4534264,15.638846,12.086992,19.116364,True
227,19,4.153404,7.70869,0.5369148,8.694502,True
228,9,1.3764899,2.2533016,-9.182285,2.3354099,True
228,12,4.0990143,15.637721,0.34655,8.548796,False
228,19,2.1465535,7.713487,-6.4870625,3.878072,False
229,9,2.5349102,2.0953846,-5.1278143,4.7203326,True
229,12,6.2379136,15.363303,7.832697,14.915667,False
229,19,3.6896124,7.4981923,-1.0863571,7.479167,False
229,24,0.5678055,10.844473,-12.01268,0.8977659,False
230,9,1.7477149,2.0900939,-7.882998,3.0579305,True
230,12,3.6277642,15.356084,-1.302825,7.321743,False
230,19,2.7483761,7.493292,-4.380684,5.201646,False
230,24,0.3416944,10.847186,-12.8040695,0.52922094,False
231,9,1.2739787,2.0900939,-9.541075,2.1428282,True
231,12,2.2276793,15.356089,-6.2031226,4.050455,False
231,19,1.725239,7.4932866,-7.9616632,3.0130658,False
231,24,0.22780848,10.847187,-13.20267,0.34912652,False
232,9,3.0331197,1.8527423,-3.384081,5.8639393,True
232,12,5.1217327,14.969147,3.9260635,11.430048,False
232,19,2.6430216,7.4066606,-4.749424,4.96247,False
232,24,0.27618092,10.834375,-13.033367,0.42516795,False
233,9,2.201106,1.9006587,-6.2961287,3.993783,True
233,12,4.4147463,14.777827,1.4516125,9.406403,False
233,19,2.3243847,7.232538,-5.8646536,4.2584004,False
233,24,0.2170533,10.831925,-13.240314,0.33231026,False
234,9,2.215098,1.9069248,-6.247157,4.023598,True
234,12,4.5282946,14.760351,1.8490314,9.721792,False
234,19,2.3067365,7.2376695,-5.926422,4.220252,False
234,24,0.18963027,10.831732,-13.336294,0.2895825,False
235,9,3.0266736,1.799196,-3.406643,5.8486896,True
235,12,6.805521,14.459572,9.8193245,16.824726,True
235,19,4.2004967,6.9861403,0.70173836,8.821341,True
235,24,0.2396744,10.830654,-13.1611395,0.36771786,False
236,9,1.2532488,1.7977583,-9.613629,2.1042495,True
236,12,3.9140854,14.458114,-0.30070114,8.059709,False
236,19,3.2746284,6.98929,-2.5388002,6.4438267,False
236,24,0.13477138,10.830701,-13.5283,0.20475182,False
237,9,1.4483066,1.7220833,-8.930927,2.4721158,True
237,12,4.8095975,14.14955,2.8335915,10.519001,False
237,19,3.6271472,6.769027,-1.304985,7.320177,True
237,24,0.06367407,10.829837,-13.777141,0.09609031,False
238,9,1.4018828,1.7212929,-9.0934105,2.3835778,True
238,12,4.709879,14.157384,2.4845772,10.233812,False
238,19,3.6282687,6.774163,-1.3010597,7.323022,True
238,24,0.06419083,10.829607,-13.7753315,0.09687488,False
239,9,1.0096055,1.6838138,-10.466381,1.6600231,False
239,12,4.2210894,13.921657,0.77381325,8.877005,False
239,19,2.4712138,6.6768475,-5.350752,4.5792346,False
239,24,0.019080516,10.829187,-13.933218,0.028672783,False
240,9,1.0306363,1.6861435,-10.392773,1.697699,True
240,12,4.323828,13.9098,1.133399,9.156527,False
240,19,2.5802934,6.6602364,-4.968973,4.8215704,False
240,24,0.019820385,10.829035,-13.930629,0.029786699,False
241,9,1.4380705,1.5563256,-8.966753,2.452541,True
241,12,3.9384608,13.676238,-0.21538734,8.123615,False
241,19,2.2673278,6.4810305,-6.064353,4.1353884,False
241,24,0.15028295,10.847853,-13.4740095,0.22865085,False
242,9,1.5021762,1.5490679,-8.742384,2.5756261,True
242,12,3.861893,13.6768675,-0.4833746,7.923442,False
242,19,2.2522793,6.48495,-6.1170225,4.1030993,False
242,24,0.15509368,10.847204,-13.457172,0.23607683,False
243,9,1.8554745,1.4512197,-7.5058393,3.2750382,True
243,12,5.047722,13.283836,3.6670265,11.211511,False
243,19,3.3746595,6.2460036,-2.188692,6.6888933,True
243,24,0.15509368,10.847204,-13.457172,0.23607683,False
244,9,1.9270737,1.4461087,-7.255242,3.4211268,True
244,12,5.047722,13.283836,3.6670265,11.211511,False
244,19,3.8615901,6.164777,-0.48443413,7.922653,True
244,24,0.15509368,10.847204,-13.457172,0.23607683,False
244,25,0.93807435,13.117816,-10.71674,1.5328234,False
245,9,0.9591708,1.4470531,-10.642902,1.570186,True
245,12,5.047722,13.283836,3.6670265,11.211511,False
245,19,2.5352614,6.167278,-5.126585,4.7211137,False
245,24,0.15509368,10.847204,-13.457172,0.23607683,False
245,25,0.49590495,13.118355,-12.264333,0.77898914,False
246,9,0.8874605,1.4471,-10.893888,1.443703,False
246,12,5.047722,13.283836,3.6670265,11.211511,False
246,19,2.5061026,6.1673403,-5.2286415,4.6563754,False
246,24,0.15509368,10.847204,-13.457172,0.23607683,False
246,25,0.33092558,13.118329,-12.841761,0.5120329,False
247,9,1.25453,1.295291,-9.609145,2.10663,True
247,12,5.047722,13.283836,3.6670265,11.211511,False
247,19,2.0513012,5.9807,-6.8204455,3.6780715,False
247,24,0.15509368,10.847204,-13.457172,0.23607683,False
247,25,2.6498013,12.802672,-4.7256956,4.9777656,False
248,9,1.1875745,1.291447,-9.843489,1.982838,True
248,12,5.047722,13.283836,3.6670265,11.211511,False
248,19,1.5263573,5.992417,-8.657749,2.6223598,False
248,24,0.15509368,10.847204,-13.457172,0.23607683,False
248,25,2.4575725,12.807391,-5.3984966,4.5491676,False
249,9,1.5152738,1.2475809,-8.696542,2.6009183,True
249,12,5.047722,13.283836,3.6670265,11.211511,False
249,19,2.5827274,5.85189,-4.960454,4.827017,False
249,24,0.15509368,10.847204,-13.457172,0.23607683,False
249,25,4.092051,12.588108,0.32217884,8.530203,False
250,9,2.247414,1.1508044,-6.1340504,4.0926743,True
250,12,5.047722,13.283836,3.6670265,11.211511,False
250,19,3.336593,5.751495,-2.3219252,6.595297,True
250,24,0.15509368,10.847204,-13.457172,0.23607683,False
250,25,5.134096,12.450135,3.9693375,11.466707,False
251,9,1.1101142,1.1505063,-10.1146,1.8412219,True
251,12,5.047722,13.283836,3.6670265,11.211511,False
251,19,1.9442155,5.752226,-7.1952457,3.4563193,False
251,24,0.15509368,10.847204,-13.457172,0.23607683,False
251,25,2.753999,12.447318,-4.361004,5.2145,False
252,9,2.2126389,1.0007058,-6.255764,4.018354,True
252,12,5.047722,13.283836,3.6670265,11.211511,False
252,19,2.4312255,5.674844,-5.4907103,4.491246,False
252,24,0.15509368,10.847204,-13.457172,0.23607683,False
252,25,4.4013214,12.231909,1.4046249,9.369358,False
253,9,1.8883538,0.99930227,-7.3907614,3.3419423,True
253,12,5.047722,13.283836,3.6670265,11.211511,False
253,19,1.4186964,5.6676574,-9.034563,2.4155731,False
253,24,0.15509368,10.847204,-13.457172,0.23607683,False
253,25,2.7550545,12.231726,-4.3573093,5.216914,False
254,9,1.1553297,0.9992682,-9.9563465,1.9236784,True
254,12,5.047722,13.283836,3.6670265,11.211511,False
254,19,0.67183065,5.6668086,-11.648593,1.0722255,False
254,24,0.15509368,10.847204,-13.457172,0.23607683,False
254,25,1.7134771,12.231633,-8.0028305,2.9896448,False
255,9,1.4848698,1.0101678,-8.802956,2.5422816,True
255,12,5.047722,13.283836,3.6670265,11.211511,False
255,19,3.0828443,5.357705,-3.2100449,5.981971,True
255,24,0.15509368,10.847204,-13.457172,0.23607683,False
255,25,4.3084784,11.884767,1.0796738,9.114573,False
256,9,0.8951446,0.9376188,-10.866994,1.4571861,True
256,12,5.047722,13.283836,3.6670265,11.211511,False
256,19,3.019559,5.2926464,-3.4315434,5.831872,True
256,24,0.15509368,10.847204,-13.457172,0.23607683,False
256,25,17.877907,10.987457,48.572674,72.47679,False
257,9,0.8920329,0.9382575,-10.877885,1.451724,True
257,12,5.047722,13.283836,3.6670265,11.211511,False
257,19,2.9594786,5.292638,-3.6418247,5.6904345,True
257,24,0.15509368,10.847204,-13.457172,0.23607683,False
257,25,17.885939,10.987363,48.600784,72.52988,False
257,26,0.32206967,11.638353,-12.872756,0.49792293,False
258,9,2.3851714,0.7392883,-5.6519003,4.3904777,True
258,12,5.047722,13.283836,3.6670265,11.211511,False
258,19,5.049156,5.0251436,3.6720467,11.215731,True
258,25,17.885939,10.987363,48.600784,72.52988,False
258,26,0.32206967,11.638353,-12.872756,0.49792293,False
259,9,2.4111114,0.6922512,-5.5611105,4.447161,True
259,19,2.805373,5.0470695,-4.1811943,5.3323617,True
259,25,17.885939,10.987363,48.600784,72.52988,False
259,26,0.32206967,11.638353,-12.872756,0.49792293,False
260,9,2.6739597,0.58444285,-4.641141,5.032377,True
260,19,2.8771174,4.967516,-3.930089,5.4982195,True
260,25,17.885939,10.987363,48.600784,72.52988,False
260,26,7.362873,11.158233,11.770056,18.788866,False
261,9,2.7044516,0.58949375,-4.53442,5.101543,True
261,19,2.8915772,4.967987,-3.8794794,5.531826,True
261,25,17.885939,10.987363,48.600784,72.52988,False
261,26,4.9244223,11.157675,3.2354774,10.85091,False
262,9,1.4829321,0.59180224,-8.809738,2.5385535,True
262,19,2.578328,4.754662,-4.975852,4.817174,True
262,25,17.885939,10.987363,48.600784,72.52988,False
262,26,8.678788,10.537666,16.37576,23.778378,False
263,9,1.1609025,0.594399,-9.936841,1.9338815,True
263,19,2.4237735,4.757438,-5.5167923,4.4749,False
263,25,17.885939,10.987363,48.600784,72.52988,False
263,26,8.603578,10.538343,16.112522,23.479874,False
264,9,1.1057583,0.4975789,-10.129846,1.8333092,True
264,19,2.601265,4.677554,-4.8955727,4.8685517,True
264,25,17.885939,10.987363,48.600784,72.52988,False
264,26,8.603578,10.538343,16.112522,23.479874,False
265,9,1.0736357,0.49825734,-10.242275,1.7751241,True
265,19,3.089075,4.737076,-3.1882372,5.9968104,True
265,25,17.885939,10.987363,48.600784,72.52988,False
265,26,8.603578,10.538343,16.112522,23.479874,False
266,9,1.4648473,0.4099899,-8.8730345,2.5038106,True
266,19,4.8774967,4.304193,3.0712395,10.714813,True
266,25,17.885939,10.987363,48.600784,72.52988,False
266,26,7.2189236,10.414324,11.266232,18.273079,False
267,9,1.6322486,0.39104134,-8.28713,2.8289778,True
267,19,6.78234,4.523081,9.73819,16.744957,False
267,25,17.885939,10.987363,48.600784,72.52988,False
267,26,13.458515,9.656393,33.104805,46.06372,False
268,9,0.88854504,0.39024785,-10.890093,1.445605,True
268,19,6.026143,4.521987,7.091501,14.226986,False
268,25,17.885939,10.987363,48.600784,72.52988,False
268,26,8.615905,9.638261,16.155666,23.528687,False
268,27,0.981807,10.230656,-10.563675,1.6104169,False
269,9,0.8827551,0.39024785,-10.910357,1.4354551,True
269,19,5.520906,4.521987,5.3231716,12.635702,False
269,25,17.885939,10.987363,48.600784,72.52988,False
269,26,8.610597,9.638261,16.137089,23.507664,False
269,27,0.4909035,10.230656,-12.281837,0.7707819,False
270,19,4.9209666,4.189552,3.223383,10.840866,True
270,25,17.885939,10.987363,48.600784,72.52988,False
270,26,8.610597,9.638261,16.137089,23.507664,False
270,27,0.4909035,10.230656,-12.281837,0.7707819,False
271,19,3.0973537,4.201893,-3.1592617,6.016545,True
271,25,17.885939,10.987363,48.600784,72.52988,False
271,26,8.610597,9.638261,16.137089,23.507664,False
271,27,0.4909035,10.230656,-12.281837,0.7707819,False
272,9,0.8013493,0.2890177,-11.195277,1.2937613,True
272,19,3.5642233,4.1656404,-1.525219,7.1611476,True
272,25,17.885939,10.987363,48.600784,72.52988,False
272,26,8.6082325,9.430928,16.128815,23.498302,False
272,27,0.4909035,10.230656,-12.281837,0.7707819,False
273,9,2.7777557,0.07566484,-4.277855,5.268909,True
273,19,5.1864257,3.9643064,4.1524906,11.6223545,False
273,26,3.3349147,9.302243,-2.3277988,6.59118,False
273,27,0.4909035,10.230656,-12.281837,0.7707819,False
274,9,2.7080216,0.08584979,-4.521924,5.1096587,True
274,19,2.438352,3.936933,-5.465768,4.506894,True
274,26,3.2628348,9.310904,-2.5800781,6.4151225,False
274,27,0.4909035,10.230656,-12.281837,0.7707819,False
275,9,3.3328617,0.004714965,-2.3349838,6.5861444,True
275,19,2.9229147,3.89163,-3.7697983,5.604862,True
275,26,5.2137394,9.05112,4.248089,11.703906,True
275,27,50.79761,10.819886,163.79164,444.8246,False
276,9,2.796882,0.0020118468,-4.2109137,5.31283,True
276,19,2.442124,3.891301,-5.452566,4.5151815,True
276,26,3.021616,9.04845,-3.424344,5.836733,False
276,27,38.09888,10.819832,119.346085,264.509,False
277,9,0.82073444,0.002013147,-11.12743,1.327331,True
277,19,0.8202522,3.8913302,-11.129118,1.3264945,False
277,26,2.045245,9.048664,-6.841643,3.6654425,False
277,27,37.853577,10.819851,118.48752,261.47943,False
278,19,1.11791,3.9575543,-10.087315,1.855397,False
278,26,3.3722587,8.864605,-2.197095,6.6829777,False
278,27,37.884445,10.823875,118.59555,261.8597,False
279,19,1.5517042,3.8596117,-8.569036,2.6715255,False
279,26,2.9941654,8.664526,-3.520421,5.771966,False
279,27,0.034687772,10.8238535,-13.878593,0.05220355,False
280,19,1.5738739,3.8560836,-8.491442,2.7146792,False
280,26,3.0103288,8.669443,-3.463849,5.810076,False
280,27,0.03580212,10.823643,-13.874693,0.05388629,False
281,19,5.238714,3.4262888,4.335499,11.778661,False
281,26,5.357268,8.356741,4.750437,12.135948,True
281,27,0.03580212,10.823643,-13.874693,0.05388629,False
282,19,4.795592,3.416406,2.7845707,10.478774,True
282,26,3.9855392,8.353315,-0.05061245,8.247526,False
282,27,0.03580212,10.823643,-13.874693,0.05388629,False
283,19,3.7744708,3.4160092,-0.7893524,7.6969385,True
283,26,2.4146512,8.353093,-5.5487213,4.454911,False
283,27,0.03580212,10.823643,-13.874693,0.05388629,False
284,19,4.250251,3.4538631,0.8758774,8.9560375,True
284,26,4.383103,8.085582,1.3408604,9.319168,True
284,27,0.03580212,10.823643,-13.874693,0.05388629,False
285,19,1.0626476,3.4313388,-10.280733,1.7552885,False
285,27,0.03580212,10.823643,-13.874693,0.05388629,False
286,19,1.0428051,3.4236004,-10.350183,1.7195565,False
286,27,0.03580212,10.823643,-13.874693,0.05388629,False
287,19,1.9968517,3.5022874,-7.011019,3.5649085,True
287,27,0.10736417,10.830505,-13.624226,0.16269298,False
288,19,1.6910639,3.491639,-8.081276,2.945124,False
288,27,0.07854865,10.830761,-13.72508,0.118704386,False
289,19,3.9336271,3.333872,-0.23230553,8.1109295,True
289,26,11.6949625,7.503849,26.93237,37.08132,False
289,27,0.07854865,10.830761,-13.72508,0.118704386,False
290,19,3.9209328,3.337485,-0.2767353,8.077644,True
290,26,9.723675,7.499857,20.03286,28.092632,False
290,27,0.07854865,10.830761,-13.72508,0.118704386,False
291,19,3.842326,3.3131995,-0.5518589,7.8725557,True
291,26,9.723675,7.499857,20.03286,28.092632,False
291,27,0.07854865,10.830761,-13.72508,0.118704386,False
292,19,3.6494038,3.3127947,-1.227087,7.3766985,True
292,26,9.723675,7.499857,20.03286,28.092632,False
292,27,0.07854865,10.830761,-13.72508,0.118704386,False
293,19,3.899259,3.0084476,-0.35259342,8.02092,True
293,26,10.564064,7.0320635,22.974224,31.788876,False
293,27,0.07854865,10.830761,-13.72508,0.118704386,False
294,19,3.9021108,3.0021088,-0.34261227,8.028376,True
294,26,10.526294,7.029838,22.84203,31.61842,False
294,27,0.07854865,10.830761,-13.72508,0.118704386,False
295,19,3.2350147,2.999709,-2.6774483,6.3475676,True
295,26,5.0406446,7.038215,3.6422558,11.190695,True
295,27,0.07854865,10.830761,-13.72508,0.118704386,False
296,19,5.7857533,2.771343,6.2501373,13.460764,False
296,26,6.0803,6.900151,7.2810497,14.401886,False
296,27,0.07854865,10.830761,-13.72508,0.118704386,False
297,19,2.838776,2.768374,-4.0642834,5.4094,True
297,26,2.6480248,6.913265,-4.7319136,4.973757,False
297,27,0.07854865,10.830761,-13.72508,0.118704386,False
298,19,2.7932205,2.7682252,-4.223728,5.304414,True
298,26,2.6314528,6.91329,-4.789915,4.9364,False
298,27,0.07854865,10.830761,-13.72508,0.118704386,False
299,19,3.818635,2.8128386,-0.63477707,7.8110914,True
299,26,2.8144865,6.69902,-4.1492977,5.3533487,False
299,27,24.123167,10.9473,70.43108,119.3172,False
300,19,1.3707902,2.8191085,-9.202234,2.324623,False
300,26,1.754026,6.700141,-7.860909,3.0705545,False
300,27,24.139051,10.949407,70.48668,119.45055,False
301,19,3.7112746,2.764678,-1.010539,7.534563,True
301,26,4.037963,6.392921,0.13286972,8.3862505,True
301,27,24.139051,10.949407,70.48668,119.45055,False
302,19,4.2126594,2.733087,0.7443075,8.854202,True
302,26,4.8794346,6.285472,3.078022,10.720421,True
302,27,24.139051,10.949407,70.48668,119.45055,False
303,19,3.0154629,2.7360358,-3.44588,5.822197,True
303,26,3.3475206,6.297144,-2.283678,6.622123,True
303,27,24.139051,10.949407,70.48668,119.45055,False
303,28,0.7777865,2.8485613,-11.277747,1.2531015,False
304,19,5.2979746,2.6600661,4.5429115,11.956753,False
304,27,24.139051,10.949407,70.48668,119.45055,False
304,28,0.7777865,2.8485613,-11.277747,1.2531015,False
305,19,4.001674,2.720685,0.005859375,8.290139,True
305,27,24.38262,10.991342,71.33917,121.504234,False
305,28,0.7777865,2.8485613,-11.277747,1.2531015,False
306,19,3.498136,2.7206795,-1.7565241,6.9953403,True
306,27,24.381718,10.991469,71.33601,121.4966,False
306,28,0.7777865,2.8485613,-11.277747,1.2531015,False
307,19,5.721651,2.647936,6.0257797,13.259232,False
307,27,24.381718,10.991469,71.33601,121.4966,False
307,28,0.7777865,2.8485613,-11.277747,1.2531015,False
308,19,8.657875,2.2754493,16.302563,23.695213,False
308,27,0.40854427,10.994796,-12.570095,0.63666046,False
308,28,0.7777865,2.8485613,-11.277747,1.2531015,False
309,19,7.6076665,2.2752008,12.626833,19.679585,False
309,27,0.39606977,10.995293,-12.613756,0.6165148,False
309,28,0.7777865,2.8485613,-11.277747,1.2531015,False
310,19,9.679026,2.2056189,19.87659,27.901901,False
310,27,0.39606977,10.995293,-12.613756,0.6165148,False
310,28,0.7777865,2.8485613,-11.277747,1.2531015,False
311,19,7.45594,2.2109618,12.095789,19.125486,False
311,27,0.39606977,10.995293,-12.613756,0.6165148,False
311,28,0.7777865,2.8485613,-11.277747,1.2531015,False
312,19,5.6747575,1.9539806,5.8616505,13.112547,False
312,27,0.15179673,10.993948,-13.468712,0.23098685,False
312,28,0.7777865,2.8485613,-11.277747,1.2531015,False
313,19,5.754557,1.9638774,6.1409492,13.36254,False
313,27,0.1535347,10.993717,-13.462628,0.2336696,False
313,28,0.7777865,2.8485613,-11.277747,1.2531015,False
314,19,5.3396144,1.8231511,4.68865,12.082491,False
314,27,0.110158466,10.98961,-13.614445,0.16697125,False
314,28,0.7777865,2.8485613,-11.277747,1.2531015,False
315,19,5.3639364,1.8295655,4.773777,12.156163,False
315,27,0.10543219,10.989655,-13.630987,0.15973628,False
315,28,0.7777865,2.8485613,-11.277747,1.2531015,False
315,29,0.037084404,10.870981,-13.870205,0.055823073,False
316,19,3.2011683,1.9906442,-2.7959108,6.265678,True
316,27,0.08579139,10.98453,-13.69973,0.12973854,False
316,28,0.7777865,2.8485613,-11.277747,1.2531015,False
316,29,0.037084404,10.870981,-13.870205,0.055823073,False
317,19,3.2538257,1.9727745,-2.6116104,6.3932214,True
317,27,0.10566494,10.985011,-13.630173,0.16009241,False
317,28,0.7777865,2.8485613,-11.277747,1.2531015,False
317,29,0.037084404,10.870981,-13.870205,0.055823073,False
318,19,4.1640186,1.8363193,0.5740652,8.723035,True
318,27,0.14617795,10.979517,-13.488377,0.2223195,False
318,28,0.7777865,2.8485613,-11.277747,1.2531015,False
318,29,0.037084404,10.870981,-13.870205,0.055823073,False
319,19,4.743478,1.9217001,2.6021729,10.329586,False
319,27,0.6057773,10.922611,-11.87978,0.96108973,False
319,29,0.19640322,10.859934,-13.312589,0.30011544,False
320,19,3.450589,1.9297737,-1.9229383,6.876821,True
320,27,0.5720919,10.924967,-11.997679,0.90489346,False
320,29,0.22034544,10.851779,-13.228791,0.33745417,False
321,19,3.3151581,1.9282566,-2.396947,6.542776,True
321,27,0.5504566,10.9248295,-12.073402,0.868971,False
321,29,0.16544227,10.851785,-13.420952,0.25207356,False
322,19,3.627596,1.6827552,-1.3034143,7.321316,True
322,27,0.5087489,10.927712,-12.219379,0.8000984,False
322,29,0.16446204,10.851427,-13.424383,0.25055704,False
323,19,3.1017857,1.6943327,-3.1437502,6.0271177,True
323,27,0.051961,10.927277,-13.818136,0.07832721,False
323,29,0.081545345,10.852226,-13.714592,0.12326796,False
324,19,5.1848927,1.4784514,4.1471252,11.617784,False
324,27,0.051961,10.927277,-13.818136,0.07832721,False
324,29,0.029172493,10.854183,-13.897896,0.043880314,False
324,30,6.9002905,1.535437,10.151016,17.152437,False
325,19,5.1848927,1.4784514,4.1471252,11.617784,False
325,27,0.051961,10.927277,-13.818136,0.07832721,False
325,29,0.07301648,10.860029,-13.744442,0.11028635,False
325,30,6.9002905,1.535437,10.151016,17.152437,False
326,19,5.1848927,1.4784514,4.1471252,11.617784,False
326,27,0.051961,10.927277,-13.818136,0.07832721,False
326,29,0.06544682,10.859942,-13.770936,0.09878212,False
326,30,6.9002905,1.535437,10.151016,17.152437,False
327,19,5.1848927,1.4784514,4.1471252,11.617784,False
327,27,0.051961,10.927277,-13.818136,0.07832721,False
327,29,0.059442446,10.8599415,-13.791952,0.08966844,False
327,30,6.9002905,1.535437,10.151016,17.152437,False
328,19,5.1848927,1.4784514,4.1471252,11.617784,False
328,27,0.051961,10.927277,-13.818136,0.07832721,False
328,29,0.052765064,10.860998,-13.815323,0.07954533,False
328,30,6.9002905,1.535437,10.151016,17.152437,False
329,19,5.1848927,1.4784514,4.1471252,11.617784,False
329,27,0.051961,10.927277,-13.818136,0.07832721,False
329,29,0.013121434,10.860427,-13.954075,0.019706747,False
329,30,6.9002905,1.535437,10.151016,17.152437,False
330,19,5.1848927,1.4784514,4.1471252,11.617784,False
330,27,0.051961,10.927277,-13.818136,0.07832721,False
330,29,0.028323311,10.858865,-13.900868,0.04259957,False
330,30,6.9002905,1.535437,10.151016,17.152437,False
331,19,5.1848927,1.4784514,4.1471252,11.617784,False
331,27,0.051961,10.927277,-13.818136,0.07832721,False
331,29,0.034239516,10.859143,-13.880161,0.05152675,False
331,30,6.9002905,1.535437,10.151016,17.152437,False
332,19,5.1848927,1.4784514,4.1471252,11.617784,False
332,27,0.051961,10.927277,-13.818136,0.07832721,False
332,29,0.029925149,10.858707,-13.895262,0.04501565,False
332,30,6.9002905,1.535437,10.151016,17.152437,False
333,19,5.1848927,1.4784514,4.1471252,11.617784,False
333,27,0.051961,10.927277,-13.818136,0.07832721,False
333,29,0.036528345,10.859966,-13.87215,0.05498313,False
333,30,13.990498,0.6961616,34.966743,48.94775,False
334,19,5.1848927,1.4784514,4.1471252,11.617784,False
334,27,0.051961,10.927277,-13.818136,0.07832721,False
334,29,0.021429062,10.860035,-13.924998,0.032209195,False
334,30,10.52441,0.69964623,22.835434,31.609932,False
335,19,5.1848927,1.4784514,4.1471252,11.617784,False
335,27,0.051961,10.927277,-13.818136,0.07832721,False
335,29,0.015692731,10.86006,-13.945076,0.023574276,False
335,30,10.423539,0.69957083,22.482388,31.156761,False
336,19,5.1848927,1.4784514,4.1471252,11.617784,False
336,27,0.26934567,10.957494,-13.05729,0.4143824,False
336,29,0.18730125,10.841952,-13.344446,0.28596354,False
336,30,10.429985,0.4698313,22.504948,31.185635,False
337,19,5.1848927,1.4784514,4.1471252,11.617784,False
337,27,0.30098447,10.954021,-12.946554,0.46441835,False
337,30,10.429985,0.4698313,22.504948,31.185635,False
338,19,5.1848927,1.4784514,4.1471252,11.617784,False
338,27,0.2758155,10.953496,-13.034646,0.42459098,False
338,30,10.429985,0.4698313,22.504948,31.185635,False
339,19,5.1848927,1.4784514,4.1471252,11.617784,False
339,27,0.29350722,10.956289,-12.972725,0.45256746,False
339,30,10.429985,0.4698313,22.504948,31.185635,False
340,27,0.068437696,10.957603,-13.760468,0.10332564,False
340,30,10.429985,0.4698313,22.504948,31.185635,False
341,27,0.068437696,10.957603,-13.760468,0.10332564,False
341,30,10.429985,0.4698313,22.504948,31.185635,False
342,27,0.068437696,10.957603,-13.760468,0.10332564,False
342,30,10.429985,0.4698313,22.504948,31.185635,False
343,27,0.068437696,10.957603,-13.760468,0.10332564,False
343,30,10.429985,0.4698313,22.504948,31.185635,False
344,27,0.068437696,10.957603,-13.760468,0.10332564,False
344,30,10.429985,0.4698313,22.504948,31.185635,False
345,27,0.068437696,10.957603,-13.760468,0.10332564,False
345,30,10.429985,0.4698313,22.504948,31.185635,False
346,27,0.068437696,10.957603,-13.760468,0.10332564,False
346,30,10.429985,0.4698313,22.504948,31.185635,False
